Sales,Discount,Quantity,Shipping_Cost,Category,Market,Segment,Ship_Mode,Region,Month_Num,Quarter,Profit_Margin,Profit,Scenario
366,0.0,3,0.0,Office Supplies,Africa,Consumer,Standard Class,Central,7,3,14.028273440352235,51.34,normal
220,0.0,2,0.0,Technology,APAC,Corporate,Standard Class,North,12,4,18.63563753648665,41.0,normal
413,0.2,4,0.24,Office Supplies,LATAM,Consumer,Standard Class,Southeast Asia,11,4,6.03113793984979,24.91,normal
833,0.1,7,36.77,Office Supplies,APAC,Consumer,Standard Class,South,4,2,7.662727620609454,63.83,normal
204,0.0,1,60.47,Furniture,LATAM,Consumer,Same Day,North,3,1,9.354117707198478,19.08,normal
204,0.47,4,0.0,Office Supplies,EMEA,Consumer,Standard Class,Caribbean,10,4,-17.528144358008138,-35.76,normal
871,0.0,3,2.71,Furniture,LATAM,Consumer,Standard Class,Oceania,9,3,13.440190853712313,117.06,normal
455,0.0,5,0.0,Office Supplies,APAC,Corporate,Standard Class,East,11,4,19.14958354598803,87.13,normal
169,0.1,4,24.57,Office Supplies,LATAM,Corporate,Second Class,EMEA,10,4,12.798990803868866,21.63,normal
380,0.7,2,0.0,Furniture,Africa,Consumer,First Class,Southeast Asia,9,3,-27.870201755558288,-105.91,normal
170,0.1,3,59.21,Office Supplies,US,Consumer,Standard Class,Central,12,4,10.915629951802797,18.56,normal
169,0.4,2,0.0,Furniture,EU,Consumer,Standard Class,Central,8,3,-6.907128660871977,-11.67,normal
299,0.0,6,5.77,Office Supplies,APAC,Corporate,Standard Class,Central,3,1,15.996244384250431,47.83,normal
53,0.6,4,43.63,Furniture,Africa,Consumer,Standard Class,EMEA,11,4,-22.061610971927486,-11.69,normal
62,0.0,8,36.91,Office Supplies,EMEA,Consumer,Standard Class,East,5,2,14.037648414444003,8.7,normal
157,0.5,3,180.68,Office Supplies,LATAM,Corporate,Standard Class,South,11,4,-19.086130112564273,-29.97,normal
109,0.0,2,46.42,Technology,APAC,Consumer,Standard Class,Oceania,12,4,15.94845329850127,17.38,normal
316,0.6,1,0.0,Furniture,APAC,Consumer,Standard Class,West,10,4,-24.027477115603965,-75.93,normal
119,0.0,1,20.91,Furniture,APAC,Consumer,Standard Class,Africa,9,3,12.18235611750391,14.5,normal
79,0.2,1,0.0,Furniture,EU,Home Office,First Class,EMEA,8,3,5.778857564566179,4.57,normal
796,0.0,4,21.76,Furniture,Africa,Home Office,First Class,Africa,6,2,12.243831502773206,97.46,normal
205,0.1,5,0.0,Office Supplies,EU,Corporate,Standard Class,South,6,2,12.536530332076932,25.7,normal
260,0.0,1,78.82,Office Supplies,EMEA,Consumer,Standard Class,Central,9,3,13.694768275271052,35.61,normal
78,0.0,6,0.0,Office Supplies,EU,Corporate,Standard Class,Canada,10,4,14.064972342704298,10.97,normal
159,0.0,2,19.69,Office Supplies,US,Home Office,Standard Class,Central,10,4,11.012977088329656,17.51,normal
269,0.0,4,0.0,Office Supplies,US,Home Office,Second Class,Central,4,2,12.773015961370284,34.36,normal
98,0.7,7,126.01,Office Supplies,APAC,Consumer,Standard Class,North Asia,8,3,-25.419055825908742,-24.91,normal
332,0.0,6,7.97,Office Supplies,LATAM,Corporate,First Class,South,11,4,15.0226805411824,49.88,normal
152,0.45,3,131.38,Technology,US,Consumer,First Class,Oceania,8,3,-6.1711841403082985,-9.38,normal
195,0.0,1,73.02,Office Supplies,APAC,Consumer,Standard Class,South,8,3,15.543761845035151,30.31,normal
152,0.0,1,54.0,Office Supplies,LATAM,Corporate,Standard Class,EMEA,11,4,13.942638805086775,21.19,normal
1084,0.4,2,47.5,Office Supplies,EU,Consumer,Standard Class,South,9,3,-2.5551094086391224,-27.7,normal
243,0.2,3,48.94,Technology,Canada,Home Office,Standard Class,South,7,3,5.718289293860859,13.9,normal
105,0.0,1,0.0,Technology,EU,Consumer,Standard Class,EMEA,12,4,21.48900290911591,22.56,normal
475,0.0,3,10.4,Technology,EMEA,Consumer,Standard Class,West,4,2,16.796372380365966,79.78,normal
92,0.1,4,74.8,Office Supplies,EU,Home Office,First Class,North,12,4,11.1287984381507,10.24,normal
291,0.0,3,23.57,Office Supplies,US,Home Office,Standard Class,Central Asia,3,1,17.78404697745506,51.75,normal
51,0.37,2,0.0,Office Supplies,EU,Consumer,Standard Class,Central,1,1,-6.574524088273257,-3.35,normal
85,0.45,4,23.37,Office Supplies,EMEA,Consumer,Second Class,North,12,4,-19.063448768089806,-16.2,normal
288,0.2,4,124.02,Office Supplies,LATAM,Corporate,Second Class,Africa,5,2,3.0547573825683387,8.8,normal
445,0.0,1,97.82,Office Supplies,EU,Consumer,Standard Class,Central Asia,10,4,18.691380143279925,83.18,normal
282,0.1,7,22.82,Office Supplies,US,Home Office,First Class,Central,11,4,10.582442499083191,29.84,normal
224,0.0,3,80.89,Furniture,EU,Home Office,Standard Class,Africa,11,4,13.33751662568774,29.88,normal
193,0.0,4,5.38,Furniture,APAC,Consumer,Standard Class,East,12,4,6.833229198127443,13.19,normal
75,0.0,5,0.0,Office Supplies,APAC,Consumer,Standard Class,South,6,2,12.838634787974824,9.63,normal
138,0.0,4,0.0,Office Supplies,APAC,Consumer,Standard Class,North Asia,10,4,16.234072893454318,22.4,normal
170,0.7,6,115.92,Office Supplies,EMEA,Home Office,First Class,Central,3,1,-25.768850169639325,-43.81,normal
574,0.1,4,10.68,Office Supplies,LATAM,Consumer,Second Class,West,7,3,12.644000340398708,72.58,normal
324,0.4,2,12.43,Furniture,APAC,Consumer,First Class,Central Asia,11,4,-12.434600265438283,-40.29,normal
60,0.0,4,9.2,Office Supplies,US,Consumer,Standard Class,Oceania,6,2,16.21747226002144,9.73,normal
319,0.0,1,135.48,Technology,LATAM,Corporate,Standard Class,EMEA,9,3,18.049122725793882,57.58,normal
181,0.0,4,119.54,Office Supplies,EU,Consumer,Standard Class,Central,8,3,12.03917179049533,21.79,normal
143,0.25,3,153.5,Furniture,APAC,Consumer,Standard Class,Central Asia,9,3,-9.767373993284242,-13.97,normal
402,0.0,3,17.26,Office Supplies,Africa,Home Office,Second Class,North,12,4,16.29302907639023,65.5,normal
562,0.7,3,43.31,Technology,EMEA,Home Office,Second Class,Central,2,1,-23.478158374761566,-131.95,normal
519,0.2,1,0.0,Office Supplies,EMEA,Corporate,Standard Class,Oceania,9,3,1.1454748736994933,5.95,normal
125,0.0,2,111.0,Technology,LATAM,Consumer,Standard Class,North,11,4,13.142480830452406,16.43,normal
192,0.1,4,0.0,Office Supplies,US,Consumer,Standard Class,Central,8,3,10.889218543226214,20.91,normal
321,0.0,4,38.8,Office Supplies,APAC,Corporate,Standard Class,Central,2,1,14.202239777413343,45.59,normal
537,0.7,1,0.0,Furniture,APAC,Consumer,Standard Class,Central,9,3,-28.329375832895565,-152.13,normal
168,0.5,6,0.0,Furniture,APAC,Home Office,Standard Class,Africa,6,2,-12.407854408764724,-20.85,normal
212,0.0,2,0.0,Furniture,EU,Corporate,Standard Class,Africa,4,2,5.575707359040885,11.82,normal
101,0.0,6,0.0,Technology,EU,Consumer,Standard Class,North,11,4,15.901197573892908,16.06,normal
94,0.2,4,0.0,Furniture,EU,Home Office,Standard Class,Southeast Asia,8,3,-0.6281268399357398,-0.59,normal
472,0.17,2,0.0,Office Supplies,APAC,Home Office,Standard Class,East,12,4,9.16447852243995,43.26,normal
729,0.0,8,74.12,Office Supplies,EU,Consumer,Second Class,Africa,11,4,10.090790942380545,73.56,normal
232,0.2,1,0.0,Office Supplies,US,Corporate,Standard Class,Central,10,4,8.807583077041814,20.43,normal
550,0.2,6,39.01,Technology,EU,Consumer,Same Day,West,1,1,6.407567704698872,35.24,normal
329,0.1,6,96.16,Office Supplies,US,Consumer,Standard Class,EMEA,7,3,8.711998014798425,28.66,normal
147,0.0,2,0.0,Office Supplies,LATAM,Consumer,Standard Class,Africa,4,2,14.405820710343281,21.18,normal
329,0.1,7,0.0,Office Supplies,EMEA,Corporate,Standard Class,Oceania,12,4,7.691210903459913,25.3,normal
843,0.5,3,13.17,Furniture,EU,Home Office,Standard Class,EMEA,4,2,-14.855649722192535,-125.23,normal
239,0.0,4,93.97,Office Supplies,APAC,Consumer,First Class,North Asia,6,2,11.794437737752684,28.19,normal
861,0.0,4,37.5,Office Supplies,LATAM,Consumer,Standard Class,Central,8,3,16.03624254493156,138.07,normal
30,0.3,3,0.0,Office Supplies,US,Corporate,First Class,Oceania,5,2,-4.152544997120927,-1.25,normal
475,0.0,5,54.1,Office Supplies,EMEA,Consumer,First Class,Central,4,2,12.713599654457706,60.39,normal
264,0.7,5,0.0,Office Supplies,EU,Home Office,Standard Class,Central Asia,9,3,-19.24207447294831,-50.8,normal
194,0.0,1,65.42,Technology,LATAM,Consumer,Standard Class,Central,2,1,19.25715220426038,37.36,normal
265,0.0,6,49.79,Office Supplies,EMEA,Consumer,Second Class,Central,2,1,16.839796633983433,44.63,normal
50,0.7,1,8.74,Technology,US,Consumer,Standard Class,South,6,2,-20.586669657994012,-10.29,normal
206,0.0,6,0.0,Office Supplies,EU,Corporate,Second Class,EMEA,10,4,10.735950164044358,22.12,normal
328,0.0,6,0.0,Furniture,EU,Consumer,Standard Class,Central,9,3,17.256875727366094,56.6,normal
804,0.0,1,57.02,Office Supplies,APAC,Corporate,Standard Class,Africa,7,3,7.473128464514772,60.08,normal
162,0.2,3,96.79,Office Supplies,US,Consumer,Standard Class,EMEA,9,3,0.6937007698844386,1.12,normal
129,0.0,1,0.0,Technology,LATAM,Consumer,Standard Class,Central,6,2,16.6229049804633,21.44,normal
165,0.0,3,52.64,Office Supplies,Canada,Consumer,First Class,South,12,4,16.74517009491152,27.63,normal
512,0.3,3,0.0,Office Supplies,EU,Home Office,Standard Class,Southeast Asia,2,1,-2.3438452015755367,-12.0,normal
320,0.0,5,0.0,Furniture,EU,Home Office,First Class,Oceania,10,4,11.49955577790482,36.8,normal
161,0.2,6,24.6,Office Supplies,EU,Consumer,Standard Class,West,12,4,2.9640079661168284,4.77,normal
371,0.0,7,0.0,Technology,Africa,Consumer,Standard Class,West,11,4,15.065930929432295,55.89,normal
266,0.4,2,0.0,Office Supplies,US,Consumer,Standard Class,South,4,2,-13.49169718345252,-35.89,normal
535,0.0,3,0.0,Technology,EU,Consumer,Standard Class,Central,6,2,20.17953486700818,107.96,normal
140,0.3,1,43.12,Office Supplies,US,Consumer,Standard Class,South,10,4,-0.9188816623914442,-1.29,normal
189,0.0,2,15.64,Office Supplies,EU,Home Office,Standard Class,East,2,1,19.753483125471178,37.33,normal
180,0.0,6,0.0,Technology,EU,Home Office,First Class,Caribbean,11,4,15.629948709554377,28.13,normal
76,0.0,7,0.0,Office Supplies,APAC,Consumer,Standard Class,North,10,4,17.078445630902767,12.98,normal
312,0.0,1,0.0,Office Supplies,EU,Consumer,Standard Class,Central,10,4,14.148879814905804,44.14,normal
303,0.0,2,52.6,Office Supplies,LATAM,Home Office,First Class,Central,3,1,18.571424955580447,56.27,normal
247,0.0,3,0.0,Office Supplies,Africa,Corporate,Second Class,South,10,4,18.065888330034426,44.62,normal
204,0.6,4,0.0,Office Supplies,LATAM,Consumer,Standard Class,Africa,10,4,-20.36637180232663,-41.55,normal
79,0.0,2,0.0,Office Supplies,Africa,Consumer,Standard Class,Central,11,4,13.98140953000204,11.05,normal
176,0.0,4,105.92,Furniture,EU,Consumer,First Class,Central Asia,1,1,14.882796535824784,26.19,normal
187,0.2,2,4.32,Office Supplies,US,Consumer,Standard Class,EMEA,1,1,4.940713569769697,9.24,normal
129,0.1,3,48.32,Office Supplies,EU,Consumer,Standard Class,North Asia,6,2,6.946678793741452,8.96,normal
216,0.0,5,34.47,Office Supplies,APAC,Consumer,Standard Class,Southeast Asia,3,1,11.016603979561708,23.8,normal
340,0.0,3,0.0,Office Supplies,LATAM,Corporate,First Class,West,9,3,14.13440129795461,48.06,normal
1114,0.0,2,70.39,Furniture,APAC,Consumer,Standard Class,Africa,12,4,16.546241446044625,184.33,normal
283,0.1,3,38.72,Office Supplies,US,Consumer,Same Day,Africa,7,3,12.439461476199115,35.2,normal
302,0.1,3,55.5,Furniture,EU,Consumer,Standard Class,Oceania,11,4,2.663017590988258,8.04,normal
232,0.0,3,251.34,Office Supplies,US,Corporate,Second Class,Oceania,1,1,11.496727752300236,26.67,normal
53,0.7,3,0.0,Technology,LATAM,Home Office,Standard Class,Africa,4,2,-20.175948450961542,-10.69,normal
241,0.6,7,125.2,Office Supplies,APAC,Consumer,Standard Class,Caribbean,1,1,-24.406907714273487,-58.82,normal
258,0.2,5,9.91,Furniture,LATAM,Consumer,First Class,West,6,2,1.5278859709260237,3.94,normal
1768,0.7,3,42.84,Office Supplies,Africa,Home Office,Standard Class,Southeast Asia,12,4,-28.848213646008972,-510.04,normal
211,0.0,5,23.77,Office Supplies,US,Consumer,Standard Class,East,3,1,19.851134773565047,41.89,normal
313,0.0,3,2.07,Office Supplies,EU,Consumer,Standard Class,Central,9,3,12.688725602586363,39.72,normal
239,0.0,6,0.0,Office Supplies,EU,Consumer,Standard Class,Central,8,3,18.430084590617483,44.05,normal
96,0.0,4,45.26,Furniture,APAC,Consumer,Standard Class,North,12,4,12.554575962181094,12.05,normal
614,0.0,3,0.0,Office Supplies,Africa,Consumer,Second Class,North,3,1,15.75658456270286,96.75,normal
449,0.47,4,69.38,Office Supplies,US,Home Office,Standard Class,East,5,2,-19.110925744054203,-85.81,normal
464,0.0,1,2.53,Technology,LATAM,Corporate,Standard Class,EMEA,1,1,11.391259940382845,52.86,normal
119,0.0,1,0.0,Office Supplies,EU,Consumer,Standard Class,Africa,7,3,14.338302179198058,17.06,normal
757,0.0,1,0.59,Furniture,APAC,Home Office,Second Class,North,5,2,12.740718190249835,96.45,normal
80,0.47,4,98.41,Technology,Africa,Consumer,Second Class,Central,11,4,-13.575593483213169,-10.86,normal
394,0.0,7,0.0,Office Supplies,APAC,Consumer,Standard Class,Africa,9,3,11.733919768570974,46.23,normal
1421,0.0,9,46.91,Furniture,US,Corporate,Standard Class,East,9,3,13.684417889478398,194.46,normal
111,0.0,5,0.0,Office Supplies,LATAM,Corporate,First Class,Central,8,3,16.688563441371393,18.52,normal
156,0.0,5,69.8,Office Supplies,US,Consumer,Standard Class,Africa,2,1,14.586776818836219,22.76,normal
266,0.25,1,65.65,Office Supplies,US,Consumer,First Class,Africa,7,3,2.340605163558225,6.23,normal
164,0.27,2,132.3,Office Supplies,US,Corporate,First Class,Central,12,4,-4.722606887160443,-7.75,normal
71,0.0,2,16.32,Technology,US,Corporate,Second Class,Central,11,4,16.932195248739088,12.02,normal
260,0.002,2,64.69,Furniture,EMEA,Corporate,Standard Class,Caribbean,12,4,16.82363281735102,43.74,normal
105,0.2,3,31.99,Office Supplies,APAC,Consumer,First Class,EMEA,11,4,3.2049663898194525,3.37,normal
360,0.7,2,100.63,Office Supplies,LATAM,Consumer,Second Class,South,3,1,-26.621062456239002,-95.84,normal
118,0.0,1,0.0,Furniture,LATAM,Consumer,Standard Class,Central,5,2,18.91783975790322,22.32,normal
851,0.0,5,69.06,Office Supplies,Africa,Consumer,Standard Class,Oceania,1,1,10.801973502453688,91.92,normal
131,0.0,1,15.22,Office Supplies,LATAM,Home Office,Standard Class,Africa,6,2,17.389291099926332,22.78,normal
190,0.1,4,22.7,Office Supplies,US,Consumer,Standard Class,Oceania,3,1,13.9919588394243,26.58,normal
472,0.0,8,31.63,Furniture,US,Consumer,Standard Class,Central,8,3,11.025426220504361,52.04,normal
92,0.0,1,40.83,Office Supplies,APAC,Corporate,Standard Class,North Asia,10,4,17.578892360564538,16.17,normal
295,0.0,1,19.72,Technology,LATAM,Consumer,Standard Class,EMEA,11,4,15.053941508367286,44.41,normal
701,0.1,3,38.68,Furniture,LATAM,Consumer,Standard Class,South,10,4,3.9398028132979452,27.62,normal
68,0.0,6,116.8,Office Supplies,LATAM,Corporate,Standard Class,North,12,4,16.154899248142904,10.99,normal
285,0.1,8,82.84,Office Supplies,LATAM,Home Office,Second Class,EMEA,2,1,11.39570001933177,32.48,normal
303,0.3,1,76.18,Furniture,APAC,Corporate,First Class,East,1,1,-2.6371904627812626,-7.99,normal
460,0.0,5,0.27,Office Supplies,EMEA,Consumer,Standard Class,Central Asia,9,3,19.70888576081848,90.66,normal
91,0.1,2,0.0,Technology,Africa,Corporate,Standard Class,South,6,2,11.797660324334453,10.74,normal
85,0.0,3,81.11,Furniture,LATAM,Corporate,Standard Class,East,5,2,15.580835265517763,13.24,normal
374,0.7,10,76.57,Technology,LATAM,Consumer,Second Class,Southeast Asia,6,2,-25.026914530347447,-93.6,normal
312,0.0,1,110.76,Technology,APAC,Consumer,Second Class,Central Asia,5,2,20.706273934764805,64.6,normal
301,0.1,4,0.0,Technology,US,Home Office,First Class,South,8,3,12.622466393556545,37.99,normal
325,0.6,5,13.22,Furniture,EMEA,Consumer,Standard Class,Africa,7,3,-22.66296627875423,-73.65,normal
143,0.15,6,0.0,Office Supplies,APAC,Corporate,Same Day,South,8,3,7.270523622066112,10.4,normal
296,0.1,4,3.89,Office Supplies,APAC,Consumer,Standard Class,East,10,4,4.185884970606564,12.39,normal
311,0.0,4,83.48,Office Supplies,US,Consumer,Second Class,Central,6,2,11.62763442341768,36.16,normal
139,0.2,3,0.0,Technology,US,Consumer,Standard Class,Africa,5,2,6.307624319452567,8.77,normal
1096,0.7,4,63.07,Office Supplies,APAC,Home Office,First Class,South,4,2,-32.0618372389235,-351.4,normal
360,0.2,3,15.46,Technology,US,Consumer,Standard Class,South,6,2,8.493633309599268,30.58,normal
95,0.0,5,44.94,Office Supplies,LATAM,Corporate,Second Class,Oceania,10,4,17.614667898864425,16.73,normal
416,0.47,3,0.0,Technology,LATAM,Corporate,First Class,East,11,4,-9.218488341366628,-38.35,normal
113,0.1,4,31.26,Office Supplies,US,Corporate,Standard Class,Africa,10,4,5.636597961726234,6.37,normal
462,0.1,3,0.0,Technology,EMEA,Home Office,Standard Class,East,5,2,16.140416816605544,74.57,normal
622,0.0,6,15.67,Office Supplies,LATAM,Corporate,First Class,South,9,3,21.111631919155073,131.31,normal
127,0.2,3,0.0,Office Supplies,Africa,Consumer,Standard Class,North,9,3,3.441230482337922,4.37,normal
532,0.0,1,95.48,Office Supplies,LATAM,Home Office,Standard Class,North,8,3,16.53160613535371,87.95,normal
342,0.2,6,70.92,Technology,US,Corporate,Standard Class,Central,9,3,6.605215964388131,22.59,normal
475,0.0,1,53.11,Office Supplies,EU,Consumer,Standard Class,Africa,8,3,16.5911075669964,78.81,normal
1124,0.2,2,113.52,Office Supplies,EMEA,Consumer,Standard Class,Oceania,9,3,2.6413237301208117,29.69,normal
202,0.65,2,0.0,Furniture,Africa,Home Office,Standard Class,Africa,10,4,-27.10369271953141,-54.75,normal
134,0.0,7,126.49,Technology,APAC,Consumer,Standard Class,West,3,1,20.717152801492098,27.76,normal
120,0.45,1,79.79,Furniture,Africa,Corporate,Standard Class,Africa,10,4,-7.963127514310678,-9.56,normal
128,0.0,11,12.82,Office Supplies,EMEA,Consumer,First Class,Central,3,1,10.799786296794784,13.82,normal
231,0.7,6,91.44,Office Supplies,US,Consumer,Same Day,Central,2,1,-27.3114374532089,-63.09,normal
323,0.4,4,0.0,Furniture,APAC,Corporate,Second Class,Africa,12,4,-15.541381455696246,-50.2,normal
307,0.2,3,0.0,Office Supplies,EMEA,Consumer,Standard Class,South,12,4,7.7760746957282505,23.87,normal
477,0.1,4,0.0,Technology,EMEA,Consumer,First Class,Central,2,1,10.236786092040305,48.83,normal
249,0.5,5,0.0,Office Supplies,LATAM,Corporate,Standard Class,EMEA,7,3,-19.329602381357383,-48.13,normal
788,0.0,5,0.0,Office Supplies,Africa,Consumer,Standard Class,Africa,4,2,16.91456099654572,133.29,normal
199,0.0,5,96.45,Office Supplies,APAC,Corporate,First Class,South,8,3,20.232933344229334,40.26,normal
2172,0.1,4,11.54,Office Supplies,APAC,Home Office,Second Class,West,11,4,10.990793605682288,238.72,normal
406,0.6,3,46.57,Office Supplies,EU,Corporate,Second Class,Oceania,12,4,-20.38560636815425,-82.77,normal
124,0.4,3,0.0,Office Supplies,EU,Consumer,Second Class,South,9,3,-7.7725772316720185,-9.64,normal
104,0.4,3,0.0,Furniture,US,Consumer,Standard Class,West,6,2,-7.755478011523335,-8.07,normal
362,0.0,6,41.85,Office Supplies,APAC,Corporate,Standard Class,Oceania,9,3,12.37740218995755,44.81,normal
206,0.6,5,0.0,Technology,Africa,Home Office,Second Class,Oceania,6,2,-18.33554131225894,-37.77,normal
436,0.0,1,22.44,Furniture,APAC,Home Office,Standard Class,Africa,12,4,10.6419295544714,46.4,normal
359,0.0,5,0.0,Office Supplies,APAC,Home Office,Standard Class,Central,11,4,11.496404078124868,41.27,normal
232,0.0,4,140.24,Office Supplies,APAC,Consumer,Second Class,West,9,3,14.014874221749594,32.51,normal
125,0.0,3,78.59,Technology,EU,Consumer,Second Class,EMEA,6,2,21.323163287947345,26.65,normal
73,0.0,3,32.44,Office Supplies,Africa,Consumer,Standard Class,Central Asia,6,2,16.699806445178176,12.19,normal
172,0.0,6,98.78,Technology,US,Consumer,Second Class,Southeast Asia,1,1,19.9329315003246,34.28,normal
489,0.1,6,0.0,Technology,EMEA,Consumer,First Class,Africa,11,4,12.439426834959955,60.83,normal
292,0.0,2,57.52,Furniture,APAC,Home Office,Second Class,South,7,3,13.569971348185765,39.62,normal
90,0.0,4,37.82,Office Supplies,EU,Consumer,Standard Class,Central,6,2,12.598228972955685,11.34,normal
283,0.0,1,41.5,Office Supplies,EU,Consumer,Standard Class,South,8,3,14.071470342218312,39.82,normal
335,0.0,1,99.28,Technology,EU,Consumer,Standard Class,North,11,4,18.57601271090603,62.23,normal
121,0.0,2,68.35,Office Supplies,APAC,Home Office,Standard Class,South,3,1,15.83254757664567,19.16,normal
278,0.0,5,42.92,Furniture,US,Corporate,Standard Class,North,11,4,12.96056356476562,36.03,normal
258,0.2,6,0.0,Office Supplies,EU,Corporate,Standard Class,Central,12,4,2.5849941539508663,6.67,normal
98,0.1,5,0.0,Office Supplies,US,Home Office,Standard Class,Caribbean,12,4,7.8677297966090105,7.71,normal
328,0.2,5,19.34,Furniture,EU,Consumer,First Class,Central,7,3,9.473313849132895,31.07,normal
386,0.0,5,31.73,Office Supplies,APAC,Corporate,Standard Class,Central Asia,5,2,17.720361818797194,68.4,normal
586,0.0,2,0.0,Office Supplies,US,Consumer,Second Class,North Asia,6,2,16.239442427857867,95.16,normal
572,0.7,4,164.56,Office Supplies,APAC,Consumer,Second Class,North,6,2,-27.69962549461918,-158.44,normal
81,0.0,5,113.26,Furniture,EMEA,Home Office,Standard Class,West,4,2,10.64634351916837,8.62,normal
116,0.0,5,60.88,Office Supplies,US,Corporate,First Class,EMEA,9,3,14.607598218819133,16.94,normal
372,0.0,6,30.5,Furniture,APAC,Consumer,Standard Class,Oceania,8,3,12.87848653076005,47.91,normal
371,0.0,5,14.22,Office Supplies,Africa,Consumer,Standard Class,South,11,4,9.358693367810755,34.72,normal
372,0.0,4,0.0,Technology,EU,Corporate,Second Class,South,1,1,13.291831213875948,49.45,normal
5375,0.0,6,30.82,Furniture,APAC,Consumer,Standard Class,Africa,9,3,10.089352833183128,542.3,normal
389,0.2,3,41.14,Office Supplies,US,Consumer,Second Class,North,11,4,3.621418310335706,14.09,normal
611,0.0,1,0.0,Office Supplies,LATAM,Consumer,Standard Class,Africa,11,4,14.282180558544447,87.26,normal
528,0.2,3,45.52,Office Supplies,US,Consumer,First Class,South,12,4,7.434363678298453,39.25,normal
415,0.4,2,17.48,Technology,EMEA,Corporate,Standard Class,EMEA,10,4,-10.447190360987307,-43.36,normal
191,0.6,2,0.0,Office Supplies,Africa,Consumer,Second Class,Central,12,4,-23.254036408810112,-44.42,normal
452,0.1,3,0.0,Technology,EU,Consumer,Standard Class,Central,6,2,16.560275222973303,74.85,normal
132,0.002,2,2.68,Office Supplies,EU,Consumer,Second Class,South,8,3,15.27335797402544,20.16,normal
203,0.0,3,134.53,Office Supplies,US,Home Office,Second Class,Central,1,1,17.654527748403474,35.84,normal
167,0.0,1,58.26,Office Supplies,APAC,Consumer,Standard Class,Central,1,1,21.15374082980839,35.33,normal
263,0.0,4,0.0,Office Supplies,EU,Consumer,Second Class,Southeast Asia,5,2,12.918586746294533,33.98,normal
1570,0.2,3,54.22,Office Supplies,EU,Consumer,Standard Class,Central,3,1,2.7020569866239037,42.42,normal
55,0.5,2,0.0,Furniture,APAC,Corporate,First Class,Oceania,5,2,-18.817280702792615,-10.35,normal
426,0.0,5,88.41,Technology,EU,Corporate,Standard Class,South,4,2,12.136220986550173,51.7,normal
67,0.47,6,0.0,Office Supplies,EMEA,Corporate,First Class,East,1,1,-14.131190411267907,-9.47,normal
168,0.0,1,21.01,Furniture,EMEA,Home Office,First Class,North,12,4,14.643186562141995,24.6,normal
589,0.47,2,102.34,Technology,APAC,Corporate,Standard Class,South,1,1,-8.578231374563277,-50.53,normal
259,0.0,2,0.0,Furniture,APAC,Corporate,Standard Class,North,10,4,13.857249508164031,35.89,normal
104,0.0,1,0.0,Office Supplies,LATAM,Consumer,Standard Class,EMEA,4,2,13.873473058081501,14.43,normal
139,0.0,5,0.0,Office Supplies,EMEA,Consumer,First Class,Africa,12,4,13.031708291983076,18.11,normal
424,0.0,3,85.87,Office Supplies,APAC,Home Office,Standard Class,Central,12,4,18.807767015695863,79.74,normal
137,0.0,3,0.0,Technology,US,Consumer,Standard Class,Canada,9,3,16.50804856092699,22.62,normal
293,0.0,1,0.0,Office Supplies,APAC,Consumer,First Class,EMEA,10,4,15.882246116379642,46.53,normal
255,0.4,5,0.53,Office Supplies,US,Corporate,Standard Class,EMEA,1,1,-8.509995957967385,-21.7,normal
146,0.0,1,57.99,Office Supplies,LATAM,Consumer,Second Class,West,12,4,19.385151048771355,28.3,normal
1369,0.0,4,95.15,Office Supplies,US,Corporate,Standard Class,EMEA,12,4,17.91423707301708,245.25,normal
409,0.2,4,0.0,Office Supplies,LATAM,Corporate,Standard Class,East,12,4,-0.8857758620013625,-3.62,normal
48,0.1,7,2.8,Office Supplies,US,Consumer,Second Class,North,9,3,5.43734049967488,2.61,normal
286,0.0,1,92.49,Office Supplies,LATAM,Home Office,Standard Class,West,6,2,16.736729454207403,47.87,normal
145,0.0,1,0.0,Technology,US,Consumer,Standard Class,Central,12,4,17.8069870578625,25.82,normal
487,0.0,4,4.11,Furniture,EMEA,Consumer,First Class,East,6,2,10.634484648138708,51.79,normal
130,0.0,8,37.29,Technology,APAC,Corporate,Standard Class,West,9,3,21.046883651983414,27.36,normal
224,0.1,6,52.11,Furniture,EMEA,Corporate,Same Day,Central,3,1,6.562378146266733,14.7,normal
369,0.0,4,0.0,Technology,EU,Corporate,Same Day,Central,12,4,18.15737216066833,67.0,normal
492,0.0,2,28.35,Office Supplies,APAC,Consumer,Standard Class,South,3,1,17.339485922265148,85.31,normal
94,0.1,5,0.0,Office Supplies,EU,Corporate,Standard Class,Caribbean,5,2,7.874673015169306,7.4,normal
188,0.0,1,0.0,Technology,APAC,Consumer,Second Class,South,9,3,22.705556956417663,42.69,normal
168,0.2,5,52.36,Technology,US,Home Office,Standard Class,North,11,4,3.635857130300976,6.11,normal
146,0.0,5,0.0,Office Supplies,US,Consumer,Standard Class,Central,9,3,16.970787199026265,24.78,normal
1012,0.27,6,29.76,Office Supplies,APAC,Corporate,Second Class,EMEA,5,2,3.1014985159795314,31.39,normal
340,0.0,10,51.98,Office Supplies,EU,Consumer,Standard Class,Africa,1,1,10.8681135321837,36.95,normal
89,0.6,4,6.75,Office Supplies,EMEA,Consumer,First Class,Central Asia,11,4,-22.030005527557346,-19.61,normal
513,0.0,2,36.14,Office Supplies,Africa,Consumer,Standard Class,North,12,4,18.42662217865667,94.53,normal
1346,0.0,3,0.0,Office Supplies,EU,Home Office,Standard Class,East,11,4,18.471733643193076,248.63,normal
563,0.2,1,14.54,Technology,Africa,Corporate,Standard Class,Africa,8,3,5.4855131988352825,30.88,normal
73,0.002,2,61.34,Office Supplies,EU,Home Office,Same Day,Central,12,4,12.675986718969423,9.25,normal
167,0.2,3,35.37,Office Supplies,LATAM,Consumer,Second Class,South,7,3,5.867807466992287,9.8,normal
679,0.6,2,0.0,Office Supplies,EMEA,Consumer,First Class,Africa,8,3,-17.449352692255186,-118.48,normal
139,0.5,4,39.22,Technology,EU,Consumer,Standard Class,Central Asia,8,3,-15.493990045537185,-21.54,normal
351,0.0,2,67.32,Office Supplies,EU,Corporate,Standard Class,East,7,3,11.38825905310086,39.97,normal
458,0.0,6,0.0,Office Supplies,EU,Consumer,Standard Class,South,11,4,15.675770045950799,71.8,normal
117,0.2,3,92.79,Office Supplies,EMEA,Home Office,Standard Class,South,8,3,4.888081900286676,5.72,normal
235,0.0,3,7.11,Office Supplies,EMEA,Home Office,Standard Class,Central,6,2,14.102792744309836,33.14,normal
18,0.6,3,50.76,Furniture,LATAM,Home Office,Second Class,Central Asia,5,2,-21.962118540052952,-3.95,normal
108,0.5,4,94.97,Furniture,LATAM,Corporate,Standard Class,East,1,1,-20.130409820512146,-21.74,normal
201,0.0,5,0.0,Office Supplies,EU,Corporate,Same Day,Southeast Asia,9,3,8.655919202778794,17.4,normal
90,0.0,2,0.0,Office Supplies,EU,Corporate,Standard Class,EMEA,5,2,13.728296783002211,12.36,normal
909,0.4,2,9.84,Technology,LATAM,Consumer,Same Day,North,3,1,-5.810303560460697,-52.82,normal
78,0.0,3,0.0,Office Supplies,US,Corporate,Standard Class,North,9,3,14.172480120310631,11.05,normal
173,0.6,1,125.78,Office Supplies,EU,Consumer,Standard Class,South,10,4,-24.475809790978456,-42.34,normal
273,0.0,2,0.0,Office Supplies,LATAM,Consumer,Standard Class,North,10,4,9.553053072363547,26.08,normal
780,0.1,2,0.0,Furniture,APAC,Consumer,Standard Class,Central,8,3,4.457733586896307,34.77,normal
78,0.0,5,38.09,Office Supplies,LATAM,Consumer,Standard Class,Central,12,4,17.692967314949232,13.8,normal
625,0.2,4,0.0,Office Supplies,Africa,Consumer,Standard Class,North Asia,12,4,6.768592318241047,42.3,normal
248,0.0,4,3.7,Technology,LATAM,Consumer,Standard Class,West,11,4,21.563140152415365,53.48,normal
112,0.2,5,44.56,Office Supplies,APAC,Corporate,Second Class,EMEA,9,3,0.5522713945543409,0.62,normal
356,0.0,3,7.3,Office Supplies,EU,Consumer,Second Class,North,6,2,11.538881029108907,41.08,normal
289,0.1,4,21.03,Furniture,LATAM,Consumer,First Class,EMEA,12,4,7.489903844939686,21.65,normal
152,0.7,3,0.0,Office Supplies,APAC,Consumer,Standard Class,West,5,2,-25.094699965206225,-38.14,normal
260,0.0,4,0.0,Technology,LATAM,Corporate,Second Class,Southeast Asia,4,2,19.20050881560149,49.92,normal
181,0.0,2,44.8,Office Supplies,EU,Corporate,Standard Class,Southeast Asia,7,3,8.95781017728671,16.21,normal
269,0.0,1,126.93,Office Supplies,EU,Corporate,Standard Class,West,2,1,12.3993462453496,33.35,normal
418,0.2,3,27.43,Office Supplies,LATAM,Corporate,Standard Class,Central,12,4,2.9109336291420647,12.17,normal
876,0.2,7,39.28,Office Supplies,EU,Consumer,Standard Class,South,9,3,4.461654583891281,39.08,normal
91,0.0,6,66.07,Office Supplies,Africa,Corporate,Standard Class,North,9,3,17.301922087807462,15.74,normal
1358,0.0,6,0.0,Furniture,LATAM,Consumer,Standard Class,South,9,3,12.43276056684612,168.84,normal
51,0.0,6,123.92,Office Supplies,LATAM,Consumer,Standard Class,West,8,3,15.992351419614709,8.16,normal
218,0.2,4,37.97,Office Supplies,LATAM,Corporate,Second Class,South,1,1,3.2545963750833127,7.1,normal
394,0.0,4,119.88,Office Supplies,EU,Consumer,Second Class,Central,9,3,17.05685812265545,67.2,normal
308,0.25,2,0.0,Technology,US,Corporate,Same Day,EMEA,10,4,3.9385969544727333,12.13,normal
149,0.0,3,130.54,Office Supplies,APAC,Corporate,Second Class,Caribbean,7,3,15.197212980141861,22.64,normal
208,0.1,5,70.79,Office Supplies,US,Consumer,Standard Class,South,11,4,8.194893602587857,17.05,normal
166,0.0,6,58.06,Office Supplies,APAC,Consumer,First Class,Africa,5,2,15.243874275127443,25.3,normal
153,0.0,3,39.78,Office Supplies,EU,Consumer,First Class,EMEA,5,2,16.453774136517826,25.17,normal
486,0.1,2,12.14,Office Supplies,US,Home Office,Standard Class,Central,4,2,9.802426166694184,47.64,normal
327,0.1,3,95.16,Furniture,LATAM,Corporate,Standard Class,North,6,2,7.142479255035761,23.36,normal
141,0.07,5,34.42,Office Supplies,EU,Consumer,Same Day,West,11,4,14.828165584053558,20.91,normal
506,0.0,1,0.0,Office Supplies,APAC,Consumer,Standard Class,North,11,4,15.795491768239762,79.93,normal
315,0.0,1,0.0,Office Supplies,US,Corporate,First Class,East,6,2,13.053004438580526,41.12,normal
472,0.1,2,15.73,Furniture,APAC,Home Office,Standard Class,South,9,3,8.650820357982507,40.83,normal
407,0.2,1,44.14,Office Supplies,EMEA,Consumer,Standard Class,Central,10,4,-1.0985950130067526,-4.47,normal
126,0.0,2,23.13,Office Supplies,APAC,Consumer,Standard Class,Central Asia,5,2,11.755759857782138,14.81,normal
157,0.0,3,96.22,Office Supplies,EMEA,Home Office,Standard Class,EMEA,4,2,16.007541794160208,25.13,normal
448,0.0,2,0.0,Office Supplies,LATAM,Consumer,First Class,Africa,12,4,16.549190003359737,74.14,normal
401,0.5,7,34.6,Office Supplies,US,Consumer,Same Day,Southeast Asia,9,3,-18.735153670511984,-75.13,normal
242,0.0,4,0.0,Office Supplies,LATAM,Home Office,Standard Class,South,12,4,13.85154755703975,33.52,normal
270,0.0,4,69.9,Office Supplies,Africa,Corporate,Standard Class,West,6,2,13.181748503341025,35.59,normal
685,0.0,5,20.96,Office Supplies,APAC,Consumer,First Class,Central,10,4,13.53997103135521,92.75,normal
153,0.0,1,50.42,Office Supplies,APAC,Consumer,Second Class,South,5,2,17.83079332881884,27.28,normal
381,0.0,6,0.0,Office Supplies,EU,Consumer,Standard Class,Central,5,2,17.119516390641756,65.23,normal
209,0.0,3,99.69,Office Supplies,APAC,Consumer,Standard Class,Southeast Asia,8,3,14.942633460438877,31.23,normal
207,0.0,5,86.06,Technology,APAC,Home Office,Second Class,South,6,2,16.362114218655215,33.87,normal
593,0.4,1,59.81,Furniture,Africa,Consumer,Second Class,West,4,2,-16.048949010660422,-95.17,normal
477,0.0,1,18.95,Furniture,Africa,Corporate,Standard Class,Central Asia,5,2,16.260554816345845,77.56,normal
472,0.0,5,59.6,Furniture,LATAM,Home Office,Standard Class,North,1,1,13.776341700854754,65.02,normal
700,0.5,4,0.0,Office Supplies,Africa,Consumer,Same Day,Africa,10,4,-17.12000731221942,-119.84,normal
250,0.2,1,75.4,Technology,EU,Consumer,Second Class,North,8,3,8.158798492874674,20.4,normal
425,0.0,1,120.89,Office Supplies,LATAM,Corporate,Standard Class,South,3,1,14.789329138276123,62.85,normal
192,0.0,6,87.72,Technology,US,Home Office,Standard Class,North,4,2,17.13867148541297,32.91,normal
319,0.0,1,0.0,Office Supplies,US,Corporate,Second Class,Africa,3,1,16.305634584868805,52.01,normal
222,0.1,7,47.08,Office Supplies,Africa,Consumer,Standard Class,Caribbean,9,3,6.775505250261825,15.04,normal
266,0.402,1,0.0,Technology,LATAM,Corporate,Standard Class,Central Asia,3,1,-7.151269558530331,-19.02,normal
396,0.2,5,59.17,Office Supplies,US,Corporate,Standard Class,East,11,4,3.3643831925986376,13.32,normal
128,0.0,3,52.19,Office Supplies,APAC,Home Office,Standard Class,North Asia,1,1,13.50164642134436,17.28,normal
1314,0.1,5,0.0,Furniture,APAC,Consumer,Second Class,North,5,2,8.007255630802572,105.22,normal
110,0.0,2,0.0,Office Supplies,APAC,Corporate,Standard Class,Oceania,12,4,20.607199511034782,22.67,normal
93,0.0,3,10.15,Office Supplies,Canada,Home Office,Second Class,North Asia,10,4,12.737105602178572,11.85,normal
622,0.0,4,9.14,Furniture,US,Consumer,Standard Class,EMEA,2,1,7.004624111087867,43.57,normal
464,0.002,1,0.0,Technology,US,Consumer,Standard Class,Caribbean,11,4,11.874779497571215,55.1,normal
406,0.0,5,48.66,Office Supplies,EU,Consumer,Standard Class,EMEA,8,3,14.548595575515053,59.07,normal
407,0.1,2,40.78,Office Supplies,LATAM,Consumer,First Class,Africa,11,4,7.010506229621452,28.53,normal
244,0.0,3,15.24,Office Supplies,APAC,Consumer,First Class,West,9,3,15.623581503201242,38.12,normal
120,0.0,1,0.0,Furniture,LATAM,Home Office,Standard Class,Central Asia,10,4,12.397793016078303,14.88,normal
261,0.0,1,86.46,Office Supplies,LATAM,Consumer,Second Class,South,12,4,10.190349460157712,26.6,normal
143,0.0,3,121.23,Office Supplies,US,Consumer,Second Class,West,5,2,9.555348511555781,13.66,normal
537,0.4,9,0.0,Office Supplies,EU,Corporate,Same Day,North,9,3,-8.112200278961714,-43.56,normal
219,0.0,5,0.0,Office Supplies,APAC,Consumer,Standard Class,South,8,3,15.40628650415987,33.74,normal
127,0.1,3,54.52,Furniture,APAC,Consumer,Second Class,Southeast Asia,1,1,4.722546004900346,6.0,normal
190,0.4,3,5.86,Office Supplies,APAC,Corporate,Standard Class,Africa,1,1,-13.971430755396913,-26.55,normal
342,0.47,4,18.39,Office Supplies,LATAM,Home Office,Standard Class,Oceania,3,1,-11.785826211705027,-40.31,normal
157,0.0,5,68.76,Office Supplies,Africa,Corporate,Same Day,South,9,3,18.81569863627183,29.54,normal
127,0.0,1,0.0,Technology,US,Corporate,Standard Class,North,9,3,18.833947320656765,23.92,normal
299,0.0,6,101.91,Furniture,US,Consumer,Standard Class,Africa,9,3,9.457578328304805,28.28,normal
299,0.35,5,30.54,Office Supplies,EU,Home Office,Standard Class,EMEA,1,1,-5.866343503286546,-17.54,normal
164,0.47,5,2.8,Office Supplies,LATAM,Consumer,Second Class,Central,8,3,-17.298342242801056,-28.37,normal
169,0.0,4,21.26,Office Supplies,APAC,Corporate,Second Class,Caribbean,12,4,18.173882141516376,30.71,normal
296,0.6,4,24.22,Technology,EMEA,Consumer,Standard Class,North,7,3,-17.754466996411384,-52.55,normal
77,0.0,5,0.0,Office Supplies,US,Home Office,Same Day,West,9,3,9.695529264740305,7.47,normal
79,0.2,5,112.03,Furniture,APAC,Corporate,Standard Class,EMEA,11,4,-0.9020230813310479,-0.71,normal
138,0.0,3,28.74,Technology,EU,Corporate,Standard Class,EMEA,11,4,19.389904530702694,26.76,normal
207,0.4,2,51.76,Furniture,EU,Consumer,First Class,EMEA,8,3,-12.999142862926567,-26.91,normal
316,0.0,4,80.9,Technology,US,Consumer,Standard Class,EMEA,11,4,17.172312835679477,54.26,normal
802,0.6,7,0.0,Office Supplies,Africa,Corporate,Standard Class,Africa,7,3,-24.673206621141816,-197.88,normal
489,0.4,1,53.5,Office Supplies,EU,Corporate,Standard Class,Africa,12,4,-7.300377038755032,-35.7,normal
216,0.1,1,11.04,Office Supplies,EU,Consumer,First Class,North,5,2,7.054592399942588,15.24,normal
242,0.0,4,74.89,Furniture,APAC,Home Office,Standard Class,Central,5,2,5.530663868984902,13.38,normal
110,0.0,4,0.0,Technology,APAC,Home Office,First Class,North,2,1,16.88622788798882,18.57,normal
242,0.0,4,20.7,Technology,APAC,Consumer,Second Class,Central,11,4,20.94344914671106,50.68,normal
195,0.0,4,0.0,Office Supplies,APAC,Home Office,Standard Class,Central,7,3,13.839211660200158,26.99,normal
319,0.0,3,51.14,Office Supplies,US,Corporate,Second Class,Central Asia,5,2,20.21395495537056,64.48,normal
127,0.47,7,53.31,Technology,US,Consumer,Standard Class,Africa,5,2,-8.913096154354449,-11.32,normal
373,0.0,1,0.0,Office Supplies,APAC,Consumer,Standard Class,Oceania,12,4,16.016274486841098,59.74,normal
840,0.0,2,0.0,Office Supplies,EMEA,Corporate,Second Class,EMEA,11,4,14.614805202247174,122.76,normal
225,0.0,3,20.04,Technology,APAC,Corporate,Same Day,North Asia,9,3,17.79514137670713,40.04,normal
339,0.0,1,0.0,Office Supplies,LATAM,Consumer,Standard Class,Oceania,9,3,14.209729094641489,48.17,normal
428,0.2,3,74.62,Office Supplies,LATAM,Corporate,Standard Class,Southeast Asia,8,3,2.0931918237524205,8.96,normal
178,0.0,7,5.22,Office Supplies,LATAM,Corporate,Standard Class,EMEA,7,3,16.592601486201445,29.53,normal
294,0.17,4,0.0,Office Supplies,LATAM,Corporate,Standard Class,Caribbean,12,4,1.9925063106283023,5.86,normal
248,0.0,4,4.9,Furniture,EU,Consumer,Standard Class,East,3,1,8.772318513827221,21.76,normal
266,0.35,1,0.0,Office Supplies,LATAM,Home Office,Standard Class,East,7,3,-9.369585152626133,-24.92,normal
132,0.7,2,0.0,Office Supplies,Africa,Consumer,Second Class,Central,6,2,-20.863036356968536,-27.54,normal
251,0.0,3,0.0,Office Supplies,APAC,Consumer,Standard Class,South,8,3,16.59102870501174,41.64,normal
367,0.47,3,32.64,Technology,APAC,Consumer,Standard Class,South,8,3,-9.286523394959564,-34.08,normal
787,0.0,6,102.5,Office Supplies,APAC,Consumer,First Class,South,8,3,11.827455989119706,93.08,normal
531,0.6,5,44.32,Office Supplies,US,Home Office,First Class,East,3,1,-19.129973097975515,-101.58,normal
1380,0.0,1,0.0,Office Supplies,APAC,Consumer,Standard Class,Central,8,3,14.650285960640014,202.17,normal
133,0.7,4,52.5,Office Supplies,EMEA,Corporate,Standard Class,Central,5,2,-26.357493176604752,-35.06,normal
495,0.7,5,0.07,Office Supplies,EU,Consumer,Second Class,South,4,2,-29.92986094759067,-148.15,normal
285,0.6,6,0.0,Furniture,EU,Consumer,Standard Class,Central,2,1,-23.51919342774727,-67.03,normal
1421,0.4,7,0.0,Furniture,EU,Home Office,Standard Class,South,11,4,-13.27150061461945,-188.59,normal
129,0.0,1,0.0,Office Supplies,APAC,Corporate,Second Class,Southeast Asia,7,3,12.703166528909437,16.39,normal
125,0.0,2,4.03,Office Supplies,APAC,Consumer,Standard Class,Africa,9,3,17.202319007421746,21.5,normal
152,0.0,1,35.43,Furniture,LATAM,Consumer,Standard Class,Central,10,4,7.3868765744099925,11.23,normal
45,0.0,3,20.84,Office Supplies,EU,Consumer,Standard Class,EMEA,10,4,16.69432879294245,7.51,normal
161,0.1,5,2.54,Furniture,APAC,Consumer,Standard Class,EMEA,8,3,8.05345840065899,12.97,normal
134,0.0,6,0.0,Office Supplies,APAC,Corporate,Standard Class,Central,6,2,12.361068973346278,16.56,normal
278,0.45,3,61.23,Furniture,Africa,Corporate,Same Day,Oceania,6,2,-17.460985383397404,-48.54,normal
324,0.2,3,0.0,Technology,APAC,Consumer,Standard Class,West,9,3,5.330922956200793,17.27,normal
1105,0.6,4,70.84,Furniture,US,Home Office,Standard Class,West,8,3,-23.153891368613337,-255.85,normal
527,0.0,2,0.0,Technology,US,Corporate,Standard Class,West,11,4,17.541435024557323,92.44,normal
155,0.7,8,0.0,Office Supplies,LATAM,Consumer,First Class,Central,11,4,-25.69931261942436,-39.83,normal
120,0.17,1,0.0,Furniture,APAC,Consumer,Standard Class,Central Asia,4,2,7.088938957612196,8.51,normal
365,0.0,4,0.0,Office Supplies,APAC,Corporate,Standard Class,Southeast Asia,3,1,13.476849692550859,49.19,normal
85,0.2,8,82.26,Office Supplies,US,Corporate,First Class,North Asia,9,3,-2.1455399121102614,-1.82,normal
1066,0.4,3,55.92,Technology,US,Consumer,Standard Class,Central,6,2,-3.5222292509080404,-37.55,normal
633,0.0,3,82.44,Technology,US,Consumer,Standard Class,Central Asia,1,1,23.04994372778259,145.91,normal
169,0.0,3,56.29,Furniture,Africa,Consumer,Standard Class,Southeast Asia,12,4,13.178305089153373,22.27,normal
62,0.0,3,0.0,Office Supplies,US,Corporate,Standard Class,East,5,2,11.736753973938995,7.28,normal
728,0.0,7,7.42,Technology,APAC,Corporate,Standard Class,Central,12,4,17.628322910294397,128.33,normal
224,0.0,1,0.0,Technology,LATAM,Consumer,Second Class,West,10,4,14.644429547365103,32.8,normal
663,0.0,7,102.61,Office Supplies,EMEA,Corporate,Standard Class,Caribbean,11,4,16.928566481888843,112.24,normal
68,0.0,1,0.0,Office Supplies,APAC,Home Office,Standard Class,Oceania,4,2,10.946128791904696,7.44,normal
152,0.0,3,77.58,Office Supplies,APAC,Home Office,Standard Class,Africa,5,2,14.0996136395154,21.43,normal
247,0.27,2,77.54,Office Supplies,US,Consumer,Standard Class,Central Asia,8,3,-4.213013478881722,-10.41,normal
255,0.0,5,131.21,Furniture,LATAM,Consumer,Standard Class,EMEA,4,2,12.380474055404886,31.57,normal
171,0.3,1,2.9,Technology,Africa,Corporate,First Class,Africa,6,2,-1.099025031413273,-1.88,normal
405,0.0,5,67.19,Technology,US,Consumer,Standard Class,North,6,2,18.530286309750792,75.05,normal
104,0.0,8,157.11,Furniture,APAC,Home Office,Second Class,Central Asia,4,2,12.067051664899097,12.55,normal
219,0.0,1,0.0,Office Supplies,Africa,Consumer,Standard Class,Central,4,2,12.040022916827668,26.37,normal
271,0.0,4,0.0,Technology,LATAM,Consumer,Standard Class,North,11,4,19.880631190587067,53.88,normal
372,0.0,2,0.0,Office Supplies,LATAM,Consumer,Standard Class,Oceania,4,2,14.853703044470654,55.26,normal
435,0.2,4,67.21,Furniture,LATAM,Consumer,Standard Class,Southeast Asia,1,1,-2.9655870235977013,-12.9,normal
100,0.0,4,0.0,Office Supplies,APAC,Corporate,Standard Class,Africa,9,3,21.722779668617378,21.72,normal
72,0.2,2,5.04,Furniture,EU,Consumer,Standard Class,North Asia,12,4,1.4292905001513745,1.03,normal
685,0.2,5,51.43,Office Supplies,APAC,Consumer,Second Class,Central Asia,6,2,2.5402183398020837,17.4,normal
321,0.0,8,36.99,Office Supplies,LATAM,Consumer,Standard Class,Central,3,1,19.24561358010547,61.78,normal
135,0.0,3,50.75,Technology,LATAM,Consumer,Standard Class,EMEA,9,3,23.525446828159822,31.76,normal
852,0.4,5,39.11,Office Supplies,US,Consumer,Standard Class,Central,12,4,-9.436048266941656,-80.4,normal
270,0.0,1,99.65,Office Supplies,US,Corporate,Standard Class,South,11,4,16.042192459304285,43.31,normal
633,0.0,1,0.0,Office Supplies,APAC,Corporate,Standard Class,North,9,3,12.035991545991177,76.19,normal
260,0.402,5,0.0,Technology,LATAM,Corporate,Standard Class,North Asia,6,2,-6.561578252304035,-17.06,normal
1281,0.0,7,0.0,Office Supplies,LATAM,Home Office,Standard Class,East,8,3,14.402812338720391,184.5,normal
1003,0.1,4,73.94,Office Supplies,APAC,Home Office,Second Class,Central,2,1,9.554481100864962,95.83,normal
201,0.8,3,77.97,Office Supplies,US,Home Office,First Class,Central,10,4,-32.00171856408897,-64.32,normal
536,0.0,3,52.23,Office Supplies,US,Consumer,Standard Class,Africa,10,4,16.679485346484178,89.4,normal
413,0.0,1,94.19,Office Supplies,APAC,Consumer,Standard Class,North,12,4,15.712927968899876,64.89,normal
736,0.0,5,0.0,Office Supplies,LATAM,Consumer,First Class,South,5,2,11.367772120112505,83.67,normal
113,0.0,5,121.9,Office Supplies,APAC,Home Office,Standard Class,North Asia,1,1,12.184598682776745,13.77,normal
426,0.0,2,113.65,Office Supplies,US,Home Office,Standard Class,Central Asia,8,3,13.360777141608981,56.92,normal
574,0.1,2,68.52,Office Supplies,APAC,Home Office,Standard Class,EMEA,10,4,8.153278224230313,46.8,normal
60,0.0,4,128.47,Furniture,Africa,Consumer,Standard Class,North Asia,11,4,15.15232287141634,9.09,normal
95,0.0,2,0.0,Office Supplies,US,Home Office,Standard Class,EMEA,4,2,11.51118303944126,10.94,normal
48,0.37,3,0.0,Office Supplies,LATAM,Consumer,Standard Class,West,5,2,-8.272245144512098,-3.97,normal
198,0.6,8,0.0,Technology,EU,Consumer,Standard Class,North,8,3,-15.14097150535785,-29.98,normal
437,0.2,3,67.71,Office Supplies,Africa,Consumer,Standard Class,Central,6,2,2.1003675765101635,9.18,normal
819,0.0,3,0.0,Technology,EU,Consumer,Second Class,Central Asia,11,4,19.38124694952847,158.73,normal
261,0.2,2,69.78,Office Supplies,APAC,Corporate,Standard Class,North,8,3,2.5813738712162895,6.74,normal
907,0.0,5,104.9,Office Supplies,LATAM,Consumer,Standard Class,West,11,4,15.770349771974168,143.04,normal
81,0.0,3,66.21,Office Supplies,EMEA,Consumer,Standard Class,EMEA,9,3,14.314582368571378,11.59,normal
63,0.0,2,42.63,Technology,US,Corporate,Second Class,Central,11,4,20.00119641818506,12.6,normal
235,0.5,6,0.0,Technology,US,Home Office,Second Class,Central,6,2,-16.635169222219304,-39.09,normal
335,0.0,7,0.0,Office Supplies,EMEA,Corporate,Second Class,North,11,4,13.910063974834365,46.6,normal
240,0.0,2,97.97,Office Supplies,EMEA,Consumer,Standard Class,Oceania,5,2,15.889718030082925,38.14,normal
47,0.0,1,71.03,Furniture,Africa,Home Office,Second Class,South,8,3,13.60108574401858,6.39,normal
229,0.0,6,24.14,Office Supplies,APAC,Home Office,Second Class,West,5,2,19.478857868261482,44.61,normal
86,0.6,2,2.43,Office Supplies,EU,Consumer,Standard Class,West,8,3,-22.173074000596728,-19.07,normal
421,0.1,5,0.0,Furniture,US,Corporate,Standard Class,West,6,2,10.438445285582619,43.95,normal
330,0.4,1,0.0,Technology,US,Consumer,Standard Class,North,5,2,-7.977071479979012,-26.32,normal
116,0.0,6,135.89,Office Supplies,EU,Consumer,Second Class,North Asia,12,4,18.985939234633932,22.02,normal
163,0.0,1,0.0,Technology,APAC,Corporate,Standard Class,North,4,2,20.452401380095118,33.34,normal
105,0.0,5,37.23,Furniture,US,Home Office,Standard Class,North,11,4,9.259624261103331,9.72,normal
234,0.0,4,84.1,Office Supplies,US,Consumer,First Class,Central,12,4,15.921117711755466,37.26,normal
529,0.0,1,0.0,Office Supplies,APAC,Corporate,Second Class,South,1,1,14.846292493403425,78.54,normal
112,0.4,3,36.96,Office Supplies,EU,Home Office,First Class,Central,10,4,-7.123246218974998,-7.98,normal
368,0.0,5,80.12,Furniture,APAC,Home Office,Same Day,Oceania,5,2,11.330185234700071,41.7,normal
161,0.0,4,27.09,Technology,LATAM,Consumer,Standard Class,South,1,1,17.078261323014807,27.5,normal
130,0.0,5,190.73,Office Supplies,APAC,Home Office,Second Class,South,7,3,19.107283748288552,24.84,normal
226,0.0,8,0.0,Furniture,LATAM,Consumer,Standard Class,Southeast Asia,12,4,11.703837316632981,26.45,normal
107,0.0,1,87.04,Office Supplies,EU,Corporate,First Class,South,1,1,17.4792669725753,18.7,normal
158,0.45,7,16.47,Office Supplies,US,Consumer,Standard Class,South,9,3,-12.676054455132599,-20.03,normal
94,0.4,4,70.6,Office Supplies,US,Consumer,Same Day,Central,8,3,-4.00001022231743,-3.76,normal
1186,0.27,1,51.66,Office Supplies,EMEA,Corporate,Second Class,Southeast Asia,11,4,-3.235003888006483,-38.37,normal
253,0.0,1,0.0,Furniture,LATAM,Consumer,Second Class,Central,2,1,10.157569406258446,25.7,normal
140,0.0,3,39.5,Office Supplies,APAC,Consumer,Standard Class,North,10,4,19.57355154334771,27.4,normal
292,0.0,6,0.0,Furniture,EMEA,Consumer,Standard Class,North,10,4,10.665160827314242,31.14,normal
225,0.0,3,60.94,Office Supplies,APAC,Corporate,Second Class,Oceania,10,4,19.803222918493177,44.56,normal
206,0.7,7,43.46,Office Supplies,Africa,Consumer,Standard Class,Oceania,12,4,-24.32447826121556,-50.11,normal
402,0.0,1,62.97,Furniture,EMEA,Corporate,First Class,Southeast Asia,11,4,11.5360508803175,46.37,normal
451,0.0,3,87.0,Office Supplies,EU,Consumer,Standard Class,Central,1,1,9.560119583948524,43.12,normal
161,0.0,1,47.44,Office Supplies,Africa,Consumer,Second Class,South,8,3,14.942045087184493,24.06,normal
155,0.0,4,34.86,Office Supplies,APAC,Consumer,Standard Class,South,7,3,15.304890160600275,23.72,normal
197,0.1,5,0.0,Furniture,LATAM,Consumer,Second Class,Central,6,2,9.501653199913118,18.72,normal
39,0.0,3,0.0,Office Supplies,US,Consumer,Second Class,South,8,3,19.765341528720334,7.71,normal
73,0.0,1,94.37,Office Supplies,LATAM,Consumer,Standard Class,South,6,2,12.945038462568757,9.45,normal
735,0.0,4,108.67,Office Supplies,Africa,Home Office,Standard Class,North,7,3,17.403545291964548,127.92,normal
919,0.0,4,12.73,Office Supplies,APAC,Corporate,Standard Class,Oceania,12,4,17.296206468040047,158.95,normal
201,0.4,4,29.01,Technology,EU,Consumer,Standard Class,EMEA,2,1,-2.7797618927686645,-5.59,normal
390,0.5,6,0.0,Office Supplies,EU,Consumer,Standard Class,West,12,4,-13.503930263593366,-52.67,normal
316,0.002,1,93.57,Office Supplies,US,Home Office,Second Class,South,8,3,9.052506927114692,28.61,normal
2894,0.4,5,64.5,Office Supplies,LATAM,Consumer,Standard Class,South,9,3,-9.46626729758328,-273.95,normal
603,0.0,6,137.6,Office Supplies,LATAM,Consumer,Standard Class,Africa,11,4,11.532877275249255,69.54,normal
222,0.1,1,0.0,Furniture,EMEA,Corporate,Standard Class,Central,6,2,5.392182681245778,11.97,normal
114,0.0,4,4.72,Office Supplies,APAC,Corporate,Standard Class,Central,7,3,17.94001270840168,20.45,normal
68,0.0,2,39.64,Furniture,EMEA,Corporate,Standard Class,EMEA,7,3,12.915452507624918,8.78,normal
290,0.6,3,63.42,Office Supplies,EU,Consumer,Same Day,Central Asia,6,2,-17.5557274008077,-50.91,normal
134,0.0,4,14.02,Office Supplies,US,Consumer,First Class,West,12,4,16.02526176214062,21.47,normal
79,0.5,2,0.0,Furniture,US,Corporate,Standard Class,Central,11,4,-21.89497781900671,-17.3,normal
146,0.0,2,76.88,Office Supplies,APAC,Consumer,Standard Class,East,3,1,7.4374589802817965,10.86,normal
103,0.2,4,67.69,Technology,EU,Consumer,First Class,West,3,1,6.446426285038771,6.64,normal
950,0.2,1,0.0,Furniture,EMEA,Corporate,Standard Class,Africa,7,3,-0.6417793990534961,-6.1,normal
499,0.5,1,104.04,Office Supplies,EU,Consumer,Standard Class,East,3,1,-17.930837218145648,-89.47,normal
244,0.2,5,93.42,Office Supplies,Africa,Home Office,Standard Class,EMEA,9,3,-2.101881748954134,-5.13,normal
805,0.2,1,34.07,Technology,EU,Home Office,Standard Class,South,3,1,3.7957703595818724,30.56,normal
262,0.0,5,30.94,Office Supplies,APAC,Corporate,Same Day,North,8,3,14.416525545405673,37.77,normal
123,0.0,5,58.12,Office Supplies,LATAM,Consumer,Second Class,Africa,1,1,16.99763347111917,20.91,normal
833,0.0,1,0.0,Office Supplies,Africa,Consumer,Standard Class,Africa,6,2,15.56589324470394,129.66,normal
379,0.1,2,28.1,Office Supplies,LATAM,Consumer,Standard Class,Africa,10,4,13.824201741518188,52.39,normal
107,0.0,6,0.0,Technology,EMEA,Consumer,Second Class,Central Asia,8,3,14.893187831863816,15.94,normal
211,0.1,1,76.59,Office Supplies,EMEA,Home Office,First Class,North Asia,12,4,11.643176676172299,24.57,normal
122,0.0,2,0.0,Office Supplies,LATAM,Consumer,Second Class,North Asia,11,4,15.141896229386184,18.47,normal
81,0.0,5,112.52,Office Supplies,APAC,Consumer,Second Class,Southeast Asia,6,2,17.084007372355753,13.84,normal
517,0.1,5,7.46,Office Supplies,US,Consumer,Standard Class,Central Asia,1,1,7.690455410203369,39.76,normal
1135,0.0,3,14.25,Office Supplies,LATAM,Corporate,First Class,Central,11,4,18.21504112167177,206.74,normal
80,0.0,2,0.0,Technology,US,Consumer,Second Class,South,12,4,18.88567427503573,15.11,normal
386,0.0,7,9.87,Office Supplies,EU,Consumer,Standard Class,North,11,4,12.961665045246752,50.03,normal
146,0.002,7,107.65,Technology,EU,Consumer,Second Class,East,3,1,17.843927913260433,26.05,normal
166,0.1,6,0.0,Furniture,US,Home Office,Standard Class,North,12,4,5.281332423188702,8.77,normal
153,0.0,4,99.54,Office Supplies,LATAM,Consumer,Standard Class,West,5,2,16.46753505191338,25.2,normal
123,0.0,2,45.74,Office Supplies,EU,Home Office,Standard Class,Central,10,4,11.460669751876473,14.1,normal
256,0.0,2,0.0,Office Supplies,LATAM,Home Office,Standard Class,South,12,4,14.911944893652917,38.17,normal
126,0.4,5,0.0,Office Supplies,LATAM,Consumer,Standard Class,West,5,2,-7.814078242052007,-9.85,normal
306,0.2,4,122.43,Furniture,EU,Corporate,Standard Class,Central,12,4,0.09906992157909969,0.3,normal
236,0.0,7,0.0,Furniture,EMEA,Consumer,Standard Class,EMEA,6,2,16.040823733166988,37.86,normal
203,0.0,5,0.0,Office Supplies,LATAM,Home Office,Standard Class,South,12,4,17.322068322213156,35.16,normal
119,0.0,1,91.54,Technology,EU,Corporate,Standard Class,EMEA,5,2,17.97755760977776,21.39,normal
155,0.2,6,45.77,Furniture,US,Consumer,Standard Class,West,12,4,0.6500672924930194,1.01,normal
451,0.4,1,0.0,Furniture,LATAM,Consumer,Second Class,EMEA,2,1,-11.113003345554,-50.12,normal
368,0.0,3,38.79,Office Supplies,LATAM,Consumer,Standard Class,Africa,10,4,16.209898812500473,59.65,normal
112,0.0,4,0.0,Office Supplies,Africa,Home Office,Standard Class,Central,8,3,9.523026013006177,10.67,normal
266,0.0,8,89.45,Office Supplies,US,Consumer,First Class,Southeast Asia,8,3,14.095421112691959,37.49,normal
449,0.3,11,87.19,Furniture,EU,Corporate,Second Class,EMEA,5,2,-10.45331720458028,-46.94,normal
64,0.0,5,56.86,Office Supplies,US,Consumer,First Class,Oceania,10,4,18.83484284237846,12.05,normal
380,0.4,3,47.1,Office Supplies,APAC,Home Office,Standard Class,West,4,2,-9.182548560008783,-34.89,normal
145,0.2,5,127.29,Office Supplies,US,Consumer,Standard Class,Central,9,3,2.419977150961132,3.51,normal
389,0.0,5,26.36,Office Supplies,EU,Corporate,Second Class,North Asia,5,2,17.690391996099706,68.82,normal
133,0.0,3,0.0,Office Supplies,EU,Consumer,Standard Class,Africa,12,4,16.266974392349624,21.64,normal
58,0.0,8,52.13,Furniture,LATAM,Corporate,Standard Class,EMEA,1,1,8.614096456862379,5.0,normal
67,0.2,4,145.9,Office Supplies,APAC,Consumer,Standard Class,Central,4,2,2.7872839124178936,1.87,normal
256,0.4,5,0.0,Office Supplies,APAC,Consumer,First Class,Central Asia,5,2,-10.005500919679154,-25.61,normal
303,0.2,5,5.67,Office Supplies,Africa,Consumer,Standard Class,West,7,3,-2.233598665818162,-6.77,normal
119,0.0,4,50.24,Office Supplies,LATAM,Corporate,First Class,Central,5,2,12.929171300288386,15.39,normal
410,0.0,5,23.29,Office Supplies,EU,Consumer,First Class,South,8,3,14.449379033950603,59.24,normal
65,0.3,2,0.0,Office Supplies,APAC,Corporate,Standard Class,Southeast Asia,11,4,-3.344852794475528,-2.17,normal
233,0.4,2,90.65,Office Supplies,APAC,Consumer,Second Class,West,10,4,-13.446694271031927,-31.33,normal
93,0.0,1,159.31,Office Supplies,US,Home Office,Second Class,Southeast Asia,9,3,18.454996749142428,17.16,normal
146,0.8,4,37.61,Office Supplies,EU,Home Office,First Class,EMEA,2,1,-33.30630917667432,-48.63,normal
256,0.2,5,0.0,Office Supplies,EU,Corporate,Standard Class,West,10,4,3.1126592299816886,7.97,normal
123,0.2,5,0.0,Furniture,LATAM,Consumer,Second Class,EMEA,4,2,1.20192491501951,1.48,normal
181,0.4,7,41.16,Furniture,US,Consumer,Standard Class,Central,11,4,-14.364228761711013,-26.0,normal
551,0.6,3,89.62,Office Supplies,APAC,Consumer,First Class,Oceania,5,2,-19.630932080601912,-108.17,normal
155,0.2,5,53.6,Office Supplies,APAC,Consumer,Standard Class,Caribbean,7,3,1.898776061945451,2.94,normal
481,0.0,1,26.24,Furniture,EU,Corporate,Standard Class,South,6,2,9.310243378058425,44.78,normal
99,0.0,3,0.0,Office Supplies,LATAM,Corporate,Second Class,North,11,4,16.720342480066197,16.55,normal
376,0.47,5,0.0,Furniture,LATAM,Home Office,First Class,Oceania,3,1,-11.724978423594576,-44.09,normal
781,0.0,5,74.2,Furniture,US,Consumer,Standard Class,Africa,9,3,14.174488120457495,110.7,normal
34,0.0,3,78.73,Office Supplies,US,Corporate,Standard Class,East,3,1,17.76893269542129,6.04,normal
130,0.0,3,0.0,Office Supplies,EMEA,Consumer,Standard Class,Southeast Asia,10,4,13.438108180313103,17.47,normal
391,0.0,1,117.47,Furniture,EU,Consumer,Same Day,Central,12,4,7.207140812494631,28.18,normal
209,0.2,3,59.27,Office Supplies,APAC,Consumer,Second Class,Canada,7,3,7.470412566299523,15.61,normal
331,0.15,6,106.57,Office Supplies,LATAM,Consumer,First Class,West,8,3,12.163544668214278,40.26,normal
152,0.0,5,0.0,Office Supplies,Africa,Consumer,Standard Class,East,12,4,19.628420321309047,29.84,normal
264,0.0,5,0.0,Office Supplies,EU,Corporate,Standard Class,Oceania,8,3,13.99264218306075,36.94,normal
217,0.0,4,17.84,Technology,US,Home Office,Second Class,East,8,3,14.536096983813467,31.54,normal
627,0.5,3,55.18,Technology,APAC,Consumer,First Class,Central,9,3,-15.197048093458701,-95.29,normal
302,0.2,2,129.3,Furniture,EU,Consumer,Standard Class,EMEA,10,4,-5.0511977028421455,-15.25,normal
322,0.0,5,66.83,Office Supplies,APAC,Consumer,First Class,North Asia,3,1,14.677864144769863,47.26,normal
177,0.6,4,12.47,Office Supplies,EU,Corporate,Standard Class,Central,11,4,-16.182966125752635,-28.64,normal
166,0.7,5,0.0,Office Supplies,Africa,Consumer,Standard Class,Central,7,3,-27.42498789561673,-45.53,normal
174,0.7,2,96.85,Office Supplies,Africa,Corporate,Standard Class,Southeast Asia,2,1,-26.093031298955175,-45.4,normal
337,0.17,1,0.0,Office Supplies,EU,Home Office,Standard Class,East,11,4,8.926790892912624,30.08,normal
176,0.0,6,119.68,Furniture,EU,Home Office,Standard Class,Central,6,2,10.7877140645028,18.99,normal
310,0.4,2,10.08,Furniture,Africa,Consumer,Standard Class,East,3,1,-5.893405629841215,-18.27,normal
1296,0.0,2,117.51,Office Supplies,US,Home Office,Standard Class,Oceania,9,3,20.97628322249236,271.85,normal
494,0.6,5,65.28,Office Supplies,APAC,Corporate,First Class,North,12,4,-21.393334016041447,-105.68,normal
189,0.1,3,18.53,Office Supplies,EU,Consumer,Standard Class,East,12,4,7.267397207942361,13.74,normal
644,0.4,6,0.0,Office Supplies,LATAM,Corporate,Standard Class,EMEA,12,4,-6.908285860829061,-44.49,normal
177,0.2,5,6.84,Technology,EU,Home Office,Standard Class,Central,11,4,4.9574251724434255,8.77,normal
48,0.0,5,50.92,Office Supplies,EU,Consumer,Standard Class,South,1,1,11.530334348797991,5.53,normal
110,0.0,1,30.8,Furniture,EU,Consumer,Second Class,North,6,2,15.843715960568941,17.43,normal
55,0.8,6,0.0,Technology,LATAM,Consumer,Standard Class,North,11,4,-26.35065783816876,-14.49,normal
186,0.47,4,16.89,Office Supplies,APAC,Corporate,Second Class,Southeast Asia,6,2,-12.733465188709317,-23.68,normal
250,0.0,3,30.88,Technology,EU,Consumer,Second Class,Southeast Asia,9,3,14.211405738815467,35.53,normal
942,0.0,4,0.0,Office Supplies,EMEA,Home Office,Standard Class,Africa,9,3,11.311421246347841,106.55,normal
320,0.0,1,52.63,Office Supplies,US,Corporate,Standard Class,Southeast Asia,6,2,15.321687865257458,49.03,normal
206,0.1,4,0.0,Office Supplies,LATAM,Corporate,Standard Class,Central,12,4,7.500386896484903,15.45,normal
478,0.6,1,0.0,Office Supplies,Africa,Consumer,Standard Class,Central,8,3,-22.023278796424826,-105.27,normal
42,0.0,1,0.0,Technology,Africa,Corporate,Second Class,East,8,3,21.06588946518001,8.85,normal
297,0.0,1,0.0,Office Supplies,APAC,Consumer,Standard Class,Central,12,4,17.199537952267672,51.08,normal
456,0.6,6,0.0,Technology,APAC,Consumer,Standard Class,South,8,3,-13.86557195850716,-63.23,normal
75,0.1,2,0.0,Office Supplies,US,Corporate,Standard Class,West,4,2,6.028130329868227,4.52,normal
615,0.0,7,138.29,Office Supplies,EMEA,Consumer,Standard Class,EMEA,8,3,13.970425293939865,85.92,normal
323,0.2,2,0.0,Furniture,Africa,Corporate,Standard Class,North Asia,11,4,2.276945086380338,7.35,normal
176,0.0,1,36.56,Office Supplies,EMEA,Consumer,Standard Class,South,11,4,16.344235023038674,28.77,normal
408,0.0,1,49.32,Office Supplies,EU,Consumer,Standard Class,Central,11,4,19.597141147762866,79.96,normal
1516,0.0,6,33.89,Office Supplies,EU,Consumer,Standard Class,South,10,4,16.26161011771221,246.53,normal
285,0.1,3,21.94,Office Supplies,APAC,Home Office,Second Class,Africa,5,2,14.544327312316657,41.45,normal
300,0.7,2,0.0,Office Supplies,LATAM,Corporate,First Class,EMEA,11,4,-25.379946594830578,-76.14,normal
170,0.2,4,109.51,Technology,EU,Corporate,Standard Class,North,12,4,9.18650234276598,15.62,normal
124,0.4,5,129.92,Office Supplies,US,Consumer,Standard Class,North Asia,4,2,-9.970544840353371,-12.36,normal
478,0.0,6,0.0,Office Supplies,EU,Consumer,Same Day,North Asia,3,1,15.042861635651967,71.9,normal
124,0.0,7,0.0,Furniture,US,Home Office,Standard Class,South,12,4,14.732833211518425,18.27,normal
261,0.0,3,10.34,Office Supplies,LATAM,Consumer,Standard Class,North,11,4,19.838934511779165,51.78,normal
168,0.0,1,0.0,Furniture,EU,Consumer,Standard Class,Africa,12,4,14.187710847932259,23.84,normal
361,0.1,3,55.37,Office Supplies,APAC,Corporate,Second Class,Central Asia,12,4,8.750484684196142,31.59,normal
321,0.35,4,0.0,Office Supplies,LATAM,Consumer,Standard Class,Canada,8,3,-1.867994911414975,-6.0,normal
565,0.0,1,150.43,Furniture,US,Corporate,Same Day,South,9,3,5.424064031160357,30.65,normal
163,0.0,1,94.59,Office Supplies,US,Corporate,Second Class,West,8,3,10.73329649547938,17.5,normal
198,0.4,4,38.56,Technology,Africa,Consumer,Second Class,EMEA,2,1,-3.955097328994833,-7.83,normal
112,0.0,3,85.22,Office Supplies,LATAM,Consumer,Second Class,Central,10,4,15.042325068759375,16.85,normal
172,0.0,4,89.74,Office Supplies,EU,Consumer,Standard Class,Central,8,3,16.816540953372495,28.92,normal
333,0.1,2,0.0,Office Supplies,LATAM,Home Office,Standard Class,North,9,3,9.193222567295827,30.61,normal
451,0.2,3,0.0,Office Supplies,EU,Corporate,First Class,North,8,3,4.712837083811618,21.25,normal
117,0.0,1,30.85,Furniture,EMEA,Consumer,Same Day,Central,8,3,9.556791537020429,11.18,normal
494,0.0,6,75.74,Office Supplies,US,Consumer,Standard Class,Oceania,4,2,16.711458258239073,82.55,normal
729,0.4,6,34.34,Furniture,EMEA,Corporate,First Class,South,5,2,-9.016756415377246,-65.73,normal
343,0.0,1,0.0,Furniture,APAC,Corporate,Standard Class,Africa,4,2,15.661651811793698,53.72,normal
1106,0.0,1,0.0,Office Supplies,EMEA,Consumer,Standard Class,South,4,2,21.040662883946098,232.71,normal
132,0.4,1,22.14,Office Supplies,APAC,Consumer,Standard Class,Central,12,4,-8.26770466949284,-10.91,normal
91,0.0,2,22.04,Furniture,EMEA,Consumer,Standard Class,EMEA,4,2,12.821733260541537,11.67,normal
59,0.4,3,139.4,Furniture,LATAM,Corporate,Standard Class,South,5,2,-16.569517392521544,-9.78,normal
815,0.0,1,0.0,Office Supplies,LATAM,Home Office,Standard Class,North,9,3,13.405765796584724,109.26,normal
416,0.27,1,55.34,Office Supplies,EU,Consumer,Standard Class,Central,9,3,-1.7792462220198408,-7.4,normal
235,0.0,1,111.7,Office Supplies,Africa,Corporate,Standard Class,North,4,2,18.150958656829065,42.65,normal
308,0.0,4,156.52,Technology,APAC,Consumer,Standard Class,Central,11,4,16.166996627731113,49.79,normal
100,0.0,4,3.21,Office Supplies,LATAM,Consumer,Same Day,Oceania,11,4,17.389020059246498,17.39,normal
1744,0.0,2,54.53,Technology,EMEA,Consumer,Standard Class,West,5,2,17.99513484910986,313.84,normal
273,0.7,4,59.02,Office Supplies,LATAM,Home Office,Standard Class,Central,6,2,-27.531504345344285,-75.16,normal
269,0.37,2,37.58,Office Supplies,APAC,Consumer,Standard Class,North,12,4,-6.45331809260023,-17.36,normal
440,0.0,3,20.71,Office Supplies,EU,Corporate,Standard Class,Central,11,4,13.826530883241473,60.84,normal
362,0.0,7,51.36,Office Supplies,LATAM,Consumer,Second Class,Africa,10,4,13.712888255722003,49.64,normal
294,0.1,7,0.0,Office Supplies,Africa,Consumer,Standard Class,South,2,1,3.8856422826296564,11.42,normal
130,0.5,1,65.46,Office Supplies,US,Consumer,Second Class,North,7,3,-15.743862621983668,-20.47,normal
359,0.2,5,33.61,Office Supplies,EU,Corporate,Standard Class,North,9,3,1.5600955615538203,5.6,normal
1110,0.0,5,13.63,Office Supplies,Africa,Consumer,Standard Class,Central Asia,4,2,13.452057031952762,149.32,normal
723,0.0,1,143.65,Office Supplies,EU,Corporate,Standard Class,Africa,7,3,16.25061918777012,117.49,normal
881,0.1,5,0.0,Furniture,APAC,Consumer,Standard Class,Africa,9,3,7.975895858371529,70.27,normal
163,0.0,7,3.28,Office Supplies,LATAM,Consumer,Standard Class,EMEA,6,2,15.696583513926983,25.59,normal
111,0.2,1,140.49,Office Supplies,EU,Consumer,Standard Class,Central Asia,11,4,5.986245571348423,6.64,normal
222,0.0,1,0.0,Office Supplies,APAC,Consumer,Standard Class,Southeast Asia,11,4,16.726685777491095,37.13,normal
257,0.4,6,0.0,Furniture,Africa,Consumer,Standard Class,South,6,2,-12.885168569416926,-33.11,normal
591,0.0,4,17.95,Office Supplies,US,Consumer,Same Day,East,11,4,13.61143114285686,80.44,normal
63,0.2,5,74.55,Technology,LATAM,Corporate,Standard Class,EMEA,3,1,6.938466710300539,4.37,normal
837,0.0,4,38.28,Technology,EU,Corporate,Standard Class,East,11,4,19.721301329705703,165.07,normal
217,0.2,4,0.0,Office Supplies,US,Consumer,Standard Class,East,4,2,7.193532921094495,15.61,normal
175,0.0,1,0.0,Office Supplies,Africa,Consumer,Standard Class,Central,2,1,18.573519134820287,32.5,normal
109,0.2,6,0.0,Technology,EMEA,Consumer,Standard Class,West,9,3,4.375580980478492,4.77,normal
65,0.0,6,21.95,Office Supplies,EU,Consumer,First Class,South,8,3,14.693981159618215,9.55,normal
476,0.0,3,50.78,Office Supplies,US,Consumer,Same Day,South,12,4,17.01305341475331,80.98,normal
261,0.2,3,50.34,Technology,EU,Home Office,Standard Class,South,6,2,9.203993334176916,24.02,normal
87,0.1,1,0.0,Office Supplies,EU,Consumer,Standard Class,West,6,2,11.816908406114376,10.28,normal
87,0.6,5,87.34,Furniture,APAC,Consumer,Standard Class,South,8,3,-24.19163349849404,-21.05,normal
188,0.0,5,40.85,Office Supplies,APAC,Consumer,Second Class,Central,8,3,11.237932042714451,21.13,normal
936,0.6,3,105.71,Furniture,EU,Consumer,Standard Class,West,6,2,-26.996809128736775,-252.69,normal
200,0.0,6,51.83,Office Supplies,LATAM,Corporate,Standard Class,Central,10,4,15.817900542958244,31.64,normal
74,0.0,3,89.48,Office Supplies,APAC,Consumer,Standard Class,Central,11,4,16.026676738273036,11.86,normal
202,0.0,5,53.11,Office Supplies,US,Consumer,Second Class,South,11,4,11.703961879696845,23.64,normal
198,0.0,1,103.51,Furniture,APAC,Corporate,Standard Class,EMEA,12,4,12.133708832667814,24.02,normal
28,0.4,3,56.3,Office Supplies,EU,Consumer,Standard Class,North,5,2,-7.10632692908465,-1.99,normal
236,0.1,3,20.77,Office Supplies,EU,Corporate,Second Class,Central,10,4,5.546320027478568,13.09,normal
204,0.4,4,156.58,Office Supplies,Africa,Corporate,Standard Class,Caribbean,7,3,-5.685008394586756,-11.6,normal
430,0.0,3,77.31,Technology,EU,Consumer,First Class,West,10,4,16.867406554320524,72.53,normal
1081,0.0,3,59.25,Office Supplies,APAC,Corporate,Standard Class,South,8,3,18.772839337729952,202.93,normal
607,0.0,5,0.0,Office Supplies,EU,Consumer,Second Class,South,12,4,13.3996426626723,81.34,normal
198,0.0,2,0.0,Office Supplies,EMEA,Corporate,Second Class,North,10,4,11.920123551347462,23.6,normal
101,0.0,1,43.15,Office Supplies,Canada,Consumer,Standard Class,Africa,12,4,13.625589030474842,13.76,normal
1931,0.0,7,34.71,Office Supplies,EU,Consumer,Second Class,Central,11,4,14.71455563076804,284.14,normal
258,0.0,7,0.0,Office Supplies,LATAM,Corporate,Standard Class,Central,12,4,13.834560279685558,35.69,normal
249,0.2,1,34.45,Technology,Africa,Home Office,First Class,East,11,4,5.35199573528066,13.33,normal
241,0.1,5,117.4,Office Supplies,APAC,Home Office,Standard Class,South,8,3,10.00189544902857,24.1,normal
288,0.32,2,66.22,Office Supplies,US,Corporate,Second Class,EMEA,5,2,-4.713538109389198,-13.57,normal
219,0.47,4,0.0,Office Supplies,LATAM,Consumer,Standard Class,East,6,2,-13.39833718185602,-29.34,normal
155,0.2,4,19.99,Furniture,APAC,Consumer,Same Day,Oceania,1,1,-5.1276791976077885,-7.95,normal
159,0.0,3,0.0,Furniture,LATAM,Consumer,Standard Class,South,8,3,13.175094048031418,20.95,normal
240,0.2,2,4.16,Technology,LATAM,Consumer,Same Day,Oceania,8,3,5.732390106924996,13.76,normal
159,0.4,2,2.68,Office Supplies,US,Consumer,First Class,Central,8,3,-4.169121058551387,-6.63,normal
139,0.0,1,0.0,Office Supplies,Africa,Home Office,Standard Class,West,12,4,12.181304498238125,16.93,normal
268,0.0,2,0.0,Office Supplies,LATAM,Consumer,First Class,North,12,4,9.575114014501457,25.66,normal
201,0.6,3,19.06,Office Supplies,EMEA,Consumer,Same Day,Southeast Asia,4,2,-19.145794518209875,-38.48,normal
821,0.0,2,0.0,Office Supplies,APAC,Consumer,Standard Class,Central Asia,6,2,16.039581054939003,131.68,normal
29,0.2,5,0.0,Technology,EU,Home Office,Standard Class,Central Asia,7,3,2.9747009384065626,0.86,normal
590,0.2,7,144.0,Furniture,APAC,Corporate,Standard Class,North Asia,6,2,-4.589246865012274,-27.08,normal
667,0.0,2,88.76,Furniture,Africa,Corporate,Standard Class,North,11,4,16.61219019205287,110.8,normal
46,0.0,4,4.81,Office Supplies,US,Consumer,Standard Class,EMEA,8,3,19.242331171820346,8.85,normal
187,0.0,5,27.45,Technology,US,Home Office,Standard Class,North,9,3,10.537629723881611,19.71,normal
183,0.0,5,0.0,Office Supplies,EMEA,Consumer,Standard Class,Oceania,11,4,13.625330912230497,24.93,normal
79,0.0,4,123.54,Office Supplies,US,Home Office,Standard Class,North Asia,11,4,19.992576164351696,15.79,normal
132,0.6,5,135.08,Technology,Africa,Consumer,Standard Class,Central,3,1,-19.4281876733336,-25.65,normal
101,0.0,5,35.35,Office Supplies,US,Consumer,First Class,North Asia,10,4,13.528163297920042,13.66,normal
1001,0.0,1,85.02,Office Supplies,Africa,Consumer,Second Class,Southeast Asia,7,3,14.151722017111895,141.66,normal
521,0.0,5,36.42,Office Supplies,EU,Corporate,Standard Class,Caribbean,6,2,11.637309078695523,60.63,normal
681,0.15,5,0.0,Technology,APAC,Consumer,Second Class,North Asia,1,1,3.8856727673158673,26.46,normal
439,0.0,2,2.78,Technology,EU,Home Office,Second Class,South,8,3,21.157641932204246,92.88,normal
99,0.0,4,33.93,Office Supplies,APAC,Consumer,Same Day,Central,6,2,9.471189281256972,9.38,normal
162,0.7,5,0.33,Furniture,EU,Consumer,Standard Class,Central,5,2,-29.258185643673734,-47.4,normal
364,0.6,3,13.85,Office Supplies,EU,Consumer,Standard Class,South,10,4,-18.34026152172705,-66.76,normal
92,0.0,6,21.14,Office Supplies,US,Consumer,First Class,Africa,11,4,10.646321103296525,9.79,normal
436,0.4,9,21.74,Technology,APAC,Consumer,First Class,Southeast Asia,5,2,-8.772805207785215,-38.25,normal
203,0.0,2,29.37,Technology,APAC,Consumer,Second Class,North Asia,1,1,21.63953756517477,43.93,normal
182,0.0,1,0.0,Furniture,EU,Corporate,Second Class,Africa,11,4,13.59867516068112,24.75,normal
435,0.0,4,0.0,Office Supplies,Africa,Consumer,Standard Class,Central,1,1,13.148142879363338,57.19,normal
351,0.0,5,0.0,Technology,LATAM,Home Office,Standard Class,Central,12,4,21.606747010083513,75.84,normal
184,0.1,3,82.4,Office Supplies,EU,Corporate,Standard Class,Central,9,3,12.619607170362908,23.22,normal
623,0.0,7,0.0,Furniture,US,Corporate,Standard Class,EMEA,6,2,12.807158079047122,79.79,normal
103,0.0,1,92.47,Office Supplies,EU,Consumer,First Class,North,5,2,12.299519316379012,12.67,normal
403,0.1,5,105.81,Technology,LATAM,Consumer,Standard Class,Central,1,1,10.759653889584614,43.36,normal
396,0.4,2,9.06,Office Supplies,LATAM,Consumer,Standard Class,EMEA,5,2,-8.14083976813383,-32.24,normal
192,0.0,7,0.0,Office Supplies,LATAM,Corporate,First Class,Central,3,1,14.434215512557536,27.71,normal
319,0.2,8,5.67,Office Supplies,Africa,Home Office,Standard Class,Oceania,9,3,5.816871534704554,18.56,normal
90,0.0,2,22.7,Office Supplies,APAC,Consumer,Same Day,North,4,2,10.41067775967199,9.37,normal
516,0.4,2,0.0,Office Supplies,LATAM,Consumer,Same Day,North,8,3,-13.482790587198716,-69.57,normal
212,0.2,5,0.0,Furniture,APAC,Home Office,Standard Class,EMEA,9,3,0.5426133344472973,1.15,normal
162,0.002,3,114.05,Office Supplies,LATAM,Consumer,Standard Class,Central Asia,6,2,13.405366758579287,21.72,normal
570,0.0,3,64.47,Technology,US,Corporate,Standard Class,Central,1,1,16.118854155906778,91.88,normal
140,0.0,4,0.0,Office Supplies,APAC,Corporate,Standard Class,North,1,1,9.695829842476808,13.57,normal
79,0.0,1,0.0,Office Supplies,APAC,Home Office,Standard Class,West,1,1,15.058637534394546,11.9,normal
70,0.0,3,7.64,Office Supplies,EU,Consumer,Standard Class,Africa,10,4,14.841734675997703,10.39,normal
400,0.0,2,14.15,Office Supplies,APAC,Consumer,Same Day,Central Asia,6,2,16.96043694585522,67.84,normal
88,0.5,2,54.81,Office Supplies,APAC,Corporate,Standard Class,EMEA,11,4,-14.793281600637084,-13.02,normal
1003,0.0,7,0.0,Office Supplies,EMEA,Home Office,Second Class,North,7,3,14.60218776527851,146.46,normal
46,0.0,1,55.68,Office Supplies,US,Consumer,Standard Class,Central,8,3,18.53100191037101,8.52,normal
957,0.4,5,137.25,Office Supplies,Africa,Consumer,Standard Class,Africa,8,3,-12.937401910345649,-123.81,normal
291,0.0,3,73.1,Office Supplies,EMEA,Corporate,First Class,South,10,4,16.609167656542727,48.33,normal
228,0.4,3,23.62,Office Supplies,US,Home Office,Standard Class,Central,5,2,-14.013441494386047,-31.95,normal
159,0.0,5,15.88,Office Supplies,APAC,Home Office,Standard Class,Africa,3,1,12.484914359997576,19.85,normal
339,0.0,4,5.94,Furniture,US,Home Office,Second Class,North,9,3,8.362028602130058,28.35,normal
239,0.0,5,94.02,Furniture,EMEA,Consumer,Second Class,Central,6,2,14.345827606355755,34.29,normal
595,0.0,6,0.0,Technology,US,Consumer,Second Class,West,7,3,17.80376929921382,105.93,normal
270,0.5,3,28.97,Office Supplies,EU,Corporate,Standard Class,Africa,9,3,-15.040509733778931,-40.61,normal
277,0.0,2,29.31,Technology,LATAM,Home Office,Standard Class,Central,8,3,14.679801036811646,40.66,normal
184,0.0,1,0.0,Furniture,EMEA,Consumer,Same Day,North,9,3,11.100919512201333,20.43,normal
235,0.0,2,0.0,Technology,US,Consumer,First Class,West,8,3,15.709604090072665,36.92,normal
315,0.0,10,44.88,Office Supplies,Africa,Corporate,Standard Class,North,10,4,16.150365044562648,50.87,normal
62,0.5,6,22.88,Technology,APAC,Consumer,First Class,EMEA,10,4,-14.973273405994842,-9.28,normal
83,0.0,1,55.04,Furniture,LATAM,Consumer,Standard Class,South,8,3,15.989383095615228,13.27,normal
446,0.1,1,0.0,Office Supplies,APAC,Consumer,Standard Class,Africa,10,4,3.9732586511277166,17.72,normal
282,0.27,5,96.32,Technology,US,Corporate,Standard Class,Central Asia,11,4,-0.619559497369687,-1.75,normal
212,0.0,5,0.0,Office Supplies,APAC,Corporate,Standard Class,Oceania,7,3,20.03160152989829,42.47,normal
250,0.47,5,124.47,Office Supplies,APAC,Consumer,Standard Class,Central,7,3,-14.505416243886103,-36.26,normal
325,0.0,3,0.0,Office Supplies,Canada,Corporate,Standard Class,North,11,4,11.055364006786764,35.93,normal
160,0.0,3,51.29,Technology,APAC,Corporate,Standard Class,North Asia,9,3,18.657214687613006,29.85,normal
132,0.0,4,53.62,Office Supplies,EMEA,Corporate,Second Class,Central,2,1,13.573823273356373,17.92,normal
288,0.1,4,0.0,Office Supplies,LATAM,Corporate,Second Class,Caribbean,12,4,6.492389233145083,18.7,normal
112,0.8,1,50.69,Office Supplies,EMEA,Consumer,Second Class,Central Asia,1,1,-36.28761243239615,-40.64,normal
341,0.0,3,99.69,Office Supplies,EU,Consumer,First Class,Central,10,4,23.30512081687783,79.47,normal
63,0.2,2,0.0,Office Supplies,EMEA,Consumer,Standard Class,Central Asia,11,4,2.245344299447591,1.41,normal
561,0.0,4,55.18,Technology,Africa,Consumer,Standard Class,EMEA,12,4,12.223297919001368,68.57,normal
359,0.0,10,0.0,Technology,APAC,Consumer,Second Class,East,2,1,22.481129277016603,80.71,normal
302,0.0,4,0.0,Office Supplies,APAC,Home Office,Standard Class,EMEA,9,3,16.83321271533171,50.84,normal
541,0.3,3,119.72,Office Supplies,LATAM,Corporate,Standard Class,EMEA,7,3,-5.299399293059363,-28.67,normal
934,0.2,6,0.0,Office Supplies,US,Corporate,Standard Class,Oceania,6,2,0.20064273394157484,1.87,normal
554,0.0,5,0.0,Furniture,EMEA,Consumer,First Class,Southeast Asia,2,1,14.020418388474692,77.67,normal
56,0.0,4,15.03,Office Supplies,EU,Consumer,Standard Class,Central,9,3,14.259245017531637,7.99,normal
88,0.0,5,144.86,Office Supplies,EU,Consumer,First Class,Africa,8,3,9.222066544664695,8.12,normal
149,0.0,8,0.0,Office Supplies,APAC,Consumer,Standard Class,Central,3,1,20.361719893814005,30.34,normal
251,0.0,1,0.0,Technology,US,Consumer,Second Class,South,9,3,16.69802861335213,41.91,normal
372,0.7,5,112.17,Furniture,Africa,Corporate,First Class,EMEA,10,4,-25.51328479055272,-94.91,normal
137,0.0,1,132.82,Furniture,LATAM,Home Office,Second Class,North,11,4,15.835304873897146,21.69,normal
286,0.0,5,20.45,Technology,EU,Consumer,Standard Class,South,12,4,14.996971366551557,42.89,normal
134,0.0,1,0.0,Office Supplies,APAC,Consumer,Standard Class,Central,7,3,18.099569593089445,24.25,normal
151,0.7,3,146.46,Office Supplies,EU,Corporate,First Class,Central,12,4,-28.954327649591043,-43.72,normal
80,0.1,3,117.73,Office Supplies,EU,Consumer,Standard Class,Central,11,4,3.3998982395881745,2.72,normal
117,0.0,6,65.28,Office Supplies,APAC,Home Office,Standard Class,North,6,2,13.726205501933572,16.06,normal
83,0.1,6,0.0,Office Supplies,EU,Corporate,Standard Class,Central Asia,4,2,10.192912505328836,8.46,normal
112,0.0,1,23.57,Office Supplies,LATAM,Home Office,First Class,Central,7,3,13.611790056010987,15.25,normal
572,0.0,4,17.19,Office Supplies,EU,Consumer,Standard Class,Central Asia,7,3,14.078854977224696,80.53,normal
115,0.0,2,45.33,Furniture,EU,Corporate,Second Class,West,9,3,15.430698134785839,17.75,normal
2024,0.0,1,109.51,Technology,APAC,Consumer,Standard Class,Oceania,9,3,18.319481940870276,370.79,normal
365,0.0,3,76.76,Furniture,US,Corporate,Standard Class,Oceania,10,4,9.470105066145143,34.57,normal
285,0.15,3,0.0,Technology,US,Consumer,Second Class,East,8,3,11.10609097100198,31.65,normal
124,0.7,9,105.24,Office Supplies,LATAM,Consumer,Standard Class,Central,3,1,-26.406973299137263,-32.74,normal
431,0.1,4,44.32,Technology,APAC,Consumer,Standard Class,North,11,4,4.435185595613872,19.12,normal
155,0.0,1,65.74,Office Supplies,US,Corporate,Second Class,West,6,2,16.285058741314344,25.24,normal
271,0.0,2,110.4,Technology,Africa,Corporate,First Class,Africa,12,4,19.175486123148303,51.97,normal
1911,0.2,6,0.0,Office Supplies,LATAM,Corporate,Standard Class,East,3,1,3.06036338874258,58.48,normal
228,0.0,8,24.32,Furniture,LATAM,Corporate,First Class,Central,12,4,14.675101743208725,33.46,normal
618,0.0,1,0.0,Office Supplies,APAC,Consumer,Second Class,Oceania,2,1,12.982819247020494,80.23,normal
140,0.0,1,0.0,Office Supplies,EU,Corporate,First Class,North,5,2,16.009499366462702,22.41,normal
239,0.6,8,46.24,Furniture,APAC,Consumer,Standard Class,EMEA,1,1,-28.700878113502057,-68.6,normal
1016,0.0,4,170.28,Office Supplies,LATAM,Home Office,Standard Class,South,10,4,16.221271150196497,164.81,normal
149,0.0,1,0.0,Technology,US,Home Office,First Class,Africa,11,4,23.85917908661969,35.55,normal
1050,0.4,5,24.53,Technology,EU,Consumer,First Class,North Asia,7,3,-8.984569057402624,-94.34,normal
434,0.0,1,63.08,Furniture,LATAM,Home Office,Standard Class,North,12,4,9.720593604036674,42.19,normal
157,0.0,3,33.43,Furniture,EU,Consumer,Standard Class,East,9,3,9.869953671325343,15.5,normal
408,0.0,4,19.89,Furniture,EU,Consumer,Standard Class,EMEA,9,3,12.389994677404786,50.55,normal
536,0.0,6,0.0,Office Supplies,APAC,Corporate,Standard Class,Central,11,4,11.810891181438846,63.31,normal
405,0.4,1,39.71,Furniture,APAC,Consumer,Standard Class,Central,6,2,-10.73625786392706,-43.48,normal
70,0.0,4,0.0,Technology,EMEA,Corporate,Standard Class,Central,6,2,20.540519836407494,14.38,normal
137,0.0,1,0.0,Technology,APAC,Consumer,First Class,EMEA,12,4,19.603041640361354,26.86,normal
202,0.7,4,94.82,Office Supplies,US,Consumer,Standard Class,South,12,4,-32.30524627691422,-65.26,normal
232,0.5,1,81.29,Technology,Africa,Corporate,Second Class,West,12,4,-9.01449700452418,-20.91,normal
405,0.7,3,29.34,Furniture,LATAM,Corporate,Standard Class,West,12,4,-27.18789775723896,-110.11,normal
284,0.0,1,39.5,Furniture,LATAM,Home Office,Standard Class,Central,3,1,14.490484117038914,41.15,normal
84,0.0,5,87.93,Office Supplies,EU,Corporate,Standard Class,South,11,4,16.118526745967475,13.54,normal
334,0.25,5,39.23,Office Supplies,EMEA,Corporate,Standard Class,South,7,3,0.6605679426153984,2.21,normal
401,0.4,3,78.17,Office Supplies,Africa,Consumer,Second Class,Africa,12,4,-5.90283180562081,-23.67,normal
385,0.0,4,9.33,Furniture,US,Consumer,First Class,Central,8,3,17.770540462810363,68.42,normal
585,0.0,1,101.55,Technology,APAC,Consumer,Standard Class,Central,9,3,15.14087860990545,88.57,normal
480,0.0,3,44.76,Office Supplies,US,Corporate,Standard Class,Central Asia,8,3,18.234376187384314,87.53,normal
355,0.5,3,37.49,Office Supplies,LATAM,Corporate,Standard Class,Southeast Asia,6,2,-15.258651294022359,-54.17,normal
233,0.0,9,0.0,Office Supplies,EU,Consumer,First Class,Central,2,1,14.610980843914199,34.04,normal
65,0.0,1,42.82,Office Supplies,APAC,Corporate,Second Class,EMEA,12,4,10.390407928853886,6.75,normal
347,0.0,7,0.0,Furniture,APAC,Corporate,Standard Class,EMEA,11,4,11.145631771453814,38.68,normal
291,0.2,6,0.0,Technology,US,Consumer,Second Class,Southeast Asia,3,1,3.0082051260947535,8.75,normal
306,0.6,4,0.0,Office Supplies,EU,Consumer,First Class,North,11,4,-22.391563288517837,-68.52,normal
88,0.0,7,0.0,Office Supplies,LATAM,Home Office,Standard Class,Central,9,3,11.70544084866555,10.3,normal
103,0.4,4,148.12,Office Supplies,LATAM,Corporate,Standard Class,West,7,3,-10.34672516193902,-10.66,normal
572,0.27,4,102.66,Furniture,EMEA,Home Office,First Class,EMEA,5,2,-5.418331071070213,-30.99,normal
238,0.0,3,136.41,Office Supplies,US,Consumer,Second Class,South,11,4,15.2902647553164,36.39,normal
425,0.0,6,0.0,Office Supplies,LATAM,Home Office,Standard Class,EMEA,10,4,10.155750413126007,43.16,normal
252,0.0,6,30.46,Office Supplies,APAC,Consumer,Standard Class,North,8,3,10.66344555676403,26.87,normal
252,0.4,2,0.0,Technology,LATAM,Consumer,Standard Class,South,9,3,-4.9142571878084205,-12.38,normal
522,0.2,1,0.0,Technology,Africa,Home Office,Standard Class,South,2,1,3.6076856487897033,18.83,normal
163,0.2,3,0.0,Technology,EU,Consumer,Second Class,EMEA,8,3,9.223589370689794,15.03,normal
266,0.4,2,97.4,Office Supplies,EU,Corporate,Standard Class,Central,4,2,-8.32419083395486,-22.14,normal
170,0.0,3,3.67,Office Supplies,EU,Consumer,Second Class,Southeast Asia,4,2,16.82028645061922,28.59,normal
174,0.17,6,87.59,Office Supplies,LATAM,Corporate,First Class,Central,9,3,9.032076961262684,15.72,normal
192,0.0,2,60.99,Technology,EMEA,Home Office,Standard Class,Central,12,4,17.070867564580283,32.78,normal
294,0.0,3,158.37,Office Supplies,EU,Consumer,Standard Class,Oceania,7,3,13.276539883751173,39.03,normal
168,0.1,4,0.0,Office Supplies,APAC,Corporate,Standard Class,Southeast Asia,4,2,11.61510775679644,19.51,normal
673,0.4,5,98.53,Furniture,APAC,Consumer,Second Class,Southeast Asia,9,3,-10.471459308210942,-70.47,normal
120,0.0,1,92.06,Furniture,EU,Corporate,Standard Class,North,11,4,11.438009070536097,13.73,normal
212,0.7,2,0.0,Office Supplies,Africa,Consumer,Second Class,Central,10,4,-22.825626099132172,-48.39,normal
173,0.5,4,84.08,Office Supplies,LATAM,Consumer,First Class,West,11,4,-15.636732929519791,-27.05,normal
784,0.0,6,45.64,Office Supplies,EMEA,Consumer,Standard Class,West,8,3,15.098320912667344,118.37,normal
288,0.8,2,13.34,Technology,US,Consumer,First Class,South,10,4,-29.936332047497224,-86.22,normal
562,0.0,1,0.0,Furniture,LATAM,Home Office,Same Day,North Asia,3,1,9.196218315304588,51.68,normal
75,0.0,5,0.0,Office Supplies,APAC,Consumer,Standard Class,Central,6,2,15.232756168459172,11.42,normal
305,0.0,2,143.82,Office Supplies,APAC,Consumer,Standard Class,Caribbean,7,3,19.190280532195473,58.53,normal
502,0.5,1,26.41,Furniture,US,Consumer,Same Day,East,8,3,-16.66509505387147,-83.66,normal
263,0.2,2,71.19,Furniture,APAC,Consumer,Same Day,Oceania,12,4,0.09319027919679432,0.25,normal
578,0.0,3,0.0,Office Supplies,LATAM,Corporate,Standard Class,Central Asia,11,4,14.514698156502993,83.89,normal
162,0.0,2,0.0,Office Supplies,EU,Home Office,Standard Class,West,3,1,15.992601085219054,25.91,normal
761,0.2,1,88.37,Office Supplies,US,Consumer,Standard Class,Central,4,2,5.249299885467555,39.95,normal
1550,0.0,6,0.0,Office Supplies,APAC,Home Office,Same Day,EMEA,6,2,16.82771649266926,260.83,normal
184,0.5,6,2.59,Furniture,LATAM,Corporate,Standard Class,Central,6,2,-18.995594585465938,-34.95,normal
172,0.4,5,28.33,Furniture,EU,Consumer,Standard Class,EMEA,9,3,-11.025655217669657,-18.96,normal
788,0.0,1,32.76,Technology,EU,Corporate,First Class,West,12,4,19.439819223444836,153.19,normal
872,0.3,3,16.11,Office Supplies,EMEA,Consumer,Standard Class,EMEA,12,4,-6.021584962580935,-52.51,normal
162,0.0,3,49.06,Furniture,APAC,Corporate,Second Class,South,9,3,12.504691623551084,20.26,normal
176,0.8,5,66.07,Office Supplies,EMEA,Home Office,Standard Class,Africa,11,4,-39.48391165890709,-69.49,normal
196,0.1,5,68.47,Office Supplies,US,Consumer,First Class,East,8,3,10.447601129463555,20.48,normal
84,0.2,2,0.0,Office Supplies,EU,Home Office,Standard Class,Central,4,2,4.981029163688045,4.18,normal
118,0.0,4,10.09,Office Supplies,US,Corporate,Second Class,EMEA,8,3,17.242638377359377,20.35,normal
110,0.5,5,94.83,Technology,LATAM,Consumer,Second Class,Central,9,3,-13.185140556508703,-14.5,normal
133,0.0,7,77.64,Office Supplies,APAC,Corporate,Standard Class,West,10,4,15.927140505072105,21.18,normal
239,0.0,5,0.0,Office Supplies,US,Consumer,Standard Class,Central,5,2,19.2718615366235,46.06,normal
297,0.0,5,46.51,Office Supplies,EU,Home Office,Standard Class,Oceania,6,2,19.241308944873776,57.15,normal
852,0.0,4,0.0,Office Supplies,US,Corporate,Standard Class,South,6,2,14.912481902320318,127.05,normal
110,0.0,7,29.07,Office Supplies,LATAM,Consumer,First Class,Central,12,4,15.417958892188679,16.96,normal
541,0.1,4,135.11,Office Supplies,Africa,Consumer,Second Class,Central Asia,7,3,12.332733434203298,66.72,normal
207,0.5,2,0.0,Furniture,EU,Corporate,Standard Class,Central,11,4,-22.502406045786525,-46.58,normal
236,0.0,7,0.0,Office Supplies,APAC,Consumer,Second Class,EMEA,10,4,14.030772771968927,33.11,normal
422,0.1,5,70.15,Office Supplies,EU,Consumer,Second Class,Central,5,2,13.006711366610268,54.89,normal
100,0.0,2,0.0,Office Supplies,US,Consumer,First Class,North,9,3,17.9256016250543,17.93,normal
334,0.7,2,0.0,Furniture,US,Consumer,Standard Class,North,12,4,-28.892208667050287,-96.5,normal
281,0.6,4,60.55,Office Supplies,EU,Consumer,Standard Class,South,8,3,-25.51749721599186,-71.7,normal
365,0.0,5,0.0,Office Supplies,EMEA,Consumer,Standard Class,Central,12,4,14.850269300876514,54.2,normal
310,0.1,4,12.86,Office Supplies,LATAM,Consumer,Standard Class,EMEA,5,2,7.230253811250201,22.41,normal
1757,0.0,4,69.02,Office Supplies,LATAM,Corporate,Standard Class,Oceania,2,1,15.993116708451641,281.0,normal
147,0.0,7,50.53,Office Supplies,EMEA,Consumer,Standard Class,Southeast Asia,12,4,12.571959945615358,18.48,normal
161,0.6,6,41.66,Technology,EMEA,Consumer,Standard Class,North,11,4,-21.077170184923823,-33.93,normal
149,0.0,4,6.95,Technology,US,Consumer,Second Class,Africa,12,4,11.805404166949074,17.59,normal
158,0.0,6,47.58,Office Supplies,EMEA,Corporate,Standard Class,Central,10,4,18.665414054930103,29.49,normal
148,0.0,1,19.29,Technology,APAC,Consumer,Standard Class,South,12,4,16.800688465670827,24.87,normal
638,0.6,4,52.61,Technology,EMEA,Consumer,Standard Class,Central,11,4,-17.528562648892397,-111.83,normal
767,0.0,8,0.0,Office Supplies,LATAM,Consumer,Standard Class,South,11,4,14.993285650577457,115.0,normal
156,0.0,3,15.92,Office Supplies,APAC,Corporate,Standard Class,South,9,3,11.797698201118502,18.4,normal
126,0.1,2,0.0,Office Supplies,LATAM,Corporate,Standard Class,North,6,2,5.2228052656554205,6.58,normal
359,0.6,2,24.37,Office Supplies,EU,Corporate,Standard Class,Africa,12,4,-24.015945377991706,-86.22,normal
158,0.0,1,0.0,Technology,LATAM,Corporate,Standard Class,Central Asia,7,3,15.830494683511821,25.01,normal
408,0.0,2,0.0,Furniture,LATAM,Corporate,Standard Class,Central,8,3,13.099818741041414,53.45,normal
289,0.0,3,41.2,Furniture,APAC,Consumer,Standard Class,Oceania,7,3,9.612847009438166,27.78,normal
73,0.0,1,38.57,Technology,LATAM,Corporate,First Class,Southeast Asia,9,3,23.239471894783865,16.96,normal
850,0.0,4,71.23,Office Supplies,EU,Consumer,Standard Class,Africa,8,3,18.081453107679454,153.69,normal
1036,0.4,6,1.67,Office Supplies,EU,Corporate,Standard Class,South,1,1,-6.574921351002875,-68.12,normal
150,0.2,1,49.76,Furniture,LATAM,Corporate,Standard Class,South,12,4,-0.3589767074194504,-0.54,normal
180,0.2,7,57.93,Office Supplies,US,Consumer,Standard Class,Central,7,3,7.542842207161451,13.58,normal
309,0.0,5,51.86,Technology,EMEA,Consumer,Standard Class,South,9,3,17.345983106636627,53.6,normal
322,0.6,6,0.0,Technology,US,Consumer,Standard Class,West,3,1,-18.09378424246274,-58.26,normal
417,0.0,2,34.93,Technology,LATAM,Corporate,Second Class,Central,1,1,18.509923619247807,77.19,normal
1230,0.8,5,47.24,Furniture,US,Corporate,Standard Class,South,5,2,-33.89453087836997,-416.9,normal
213,0.2,1,26.79,Office Supplies,APAC,Home Office,Standard Class,West,10,4,4.9107242370089565,10.46,normal
130,0.0,6,0.0,Technology,APAC,Consumer,First Class,Southeast Asia,3,1,16.57462416466619,21.55,normal
81,0.1,4,35.57,Furniture,LATAM,Corporate,First Class,North,12,4,4.401018841722139,3.56,normal
137,0.0,5,153.15,Office Supplies,EMEA,Corporate,Standard Class,West,5,2,16.919708871456255,23.18,normal
240,0.1,1,5.75,Technology,LATAM,Home Office,Standard Class,EMEA,4,2,14.145709751673698,33.95,normal
1035,0.0,1,0.0,Office Supplies,APAC,Corporate,Standard Class,Central,4,2,13.819946625531381,143.04,normal
162,0.0,5,47.77,Furniture,APAC,Corporate,Standard Class,EMEA,1,1,7.238435790964639,11.73,normal
294,0.7,1,44.27,Office Supplies,EMEA,Corporate,Standard Class,Africa,11,4,-27.621948288024733,-81.21,normal
243,0.0,5,94.72,Office Supplies,US,Corporate,Standard Class,Central Asia,11,4,16.870577396477575,41.0,normal
637,0.6,1,0.0,Office Supplies,LATAM,Home Office,Second Class,Central,9,3,-15.583749460740659,-99.27,normal
1861,0.0,5,68.28,Technology,EU,Consumer,Standard Class,North,4,2,14.406126112978015,268.1,normal
161,0.2,1,60.21,Office Supplies,EU,Consumer,Standard Class,South,6,2,1.7202862415082794,2.77,normal
166,0.1,5,18.23,Office Supplies,US,Home Office,Standard Class,North,8,3,7.831789315423871,13.0,normal
568,0.0,5,45.78,Office Supplies,LATAM,Corporate,First Class,Central,12,4,19.0674160182945,108.3,normal
425,0.0,2,85.36,Furniture,EMEA,Corporate,Standard Class,South,5,2,11.895175498624102,50.55,normal
1080,0.0,5,76.36,Office Supplies,LATAM,Consumer,Second Class,East,10,4,12.278020321883204,132.6,normal
393,0.0,4,0.0,Office Supplies,US,Consumer,Standard Class,Africa,7,3,16.676085848765457,65.54,normal
184,0.0,2,73.37,Technology,APAC,Corporate,Standard Class,North,6,2,16.78608443987716,30.89,normal
395,0.2,1,22.67,Office Supplies,LATAM,Corporate,Standard Class,South,8,3,-0.6731618200738634,-2.66,normal
598,0.47,1,30.55,Furniture,LATAM,Consumer,Standard Class,South,2,1,-18.87831992182845,-112.89,normal
475,0.7,4,30.57,Office Supplies,EU,Consumer,Standard Class,EMEA,11,4,-21.79787413673214,-103.54,normal
369,0.4,1,17.77,Technology,APAC,Home Office,Standard Class,East,5,2,-4.847372335051613,-17.89,normal
578,0.4,4,94.66,Office Supplies,US,Consumer,Standard Class,Caribbean,10,4,-8.676719833642371,-50.15,normal
628,0.1,3,21.58,Office Supplies,LATAM,Home Office,Second Class,EMEA,2,1,8.250318792563862,51.81,normal
744,0.0,5,0.0,Technology,US,Consumer,Standard Class,EMEA,12,4,18.876446526356396,140.44,normal
414,0.5,3,3.83,Office Supplies,US,Corporate,Standard Class,East,4,2,-14.159292161992518,-58.62,normal
215,0.1,3,36.61,Technology,EU,Home Office,Standard Class,EMEA,12,4,12.876506484621979,27.68,normal
277,0.0,5,96.81,Office Supplies,US,Corporate,Second Class,Africa,11,4,15.344535270833259,42.5,normal
647,0.0,4,60.93,Office Supplies,US,Consumer,Same Day,South,12,4,17.606395014916647,113.91,normal
128,0.0,4,0.0,Office Supplies,LATAM,Corporate,Standard Class,West,8,3,15.069313038002193,19.29,normal
331,0.0,5,168.77,Furniture,EMEA,Consumer,Standard Class,North,10,4,9.066183493342084,30.01,normal
179,0.7,1,41.55,Office Supplies,LATAM,Consumer,Standard Class,Southeast Asia,6,2,-28.837268672702606,-51.62,normal
252,0.0,5,99.45,Office Supplies,EU,Home Office,First Class,Southeast Asia,4,2,9.062943919530863,22.84,normal
685,0.0,5,17.68,Office Supplies,US,Corporate,First Class,Central,7,3,21.080451348127177,144.4,normal
287,0.45,1,56.94,Office Supplies,LATAM,Corporate,Standard Class,West,4,2,-9.41173622414194,-27.01,normal
255,0.0,3,74.47,Office Supplies,LATAM,Consumer,Standard Class,Southeast Asia,12,4,12.50978851461229,31.9,normal
83,0.0,3,96.17,Furniture,EU,Consumer,Standard Class,South,3,1,11.1544654518087,9.26,normal
447,0.0,3,86.96,Office Supplies,EMEA,Consumer,Standard Class,Central,9,3,13.0893705773807,58.51,normal
413,0.1,4,76.35,Furniture,Africa,Corporate,Second Class,Central,9,3,10.627641634122352,43.89,normal
1391,0.17,7,8.32,Office Supplies,EU,Corporate,Standard Class,North,8,3,0.5403685071872122,7.52,normal
192,0.0,6,0.0,Technology,US,Corporate,Standard Class,EMEA,9,3,18.34342817645634,35.22,normal
293,0.7,1,45.43,Furniture,Africa,Home Office,Second Class,Africa,3,1,-30.325583527694544,-88.85,normal
300,0.0,5,79.84,Office Supplies,APAC,Consumer,First Class,Central,9,3,17.480515892127343,52.44,normal
870,0.17,7,13.61,Furniture,LATAM,Consumer,Standard Class,East,6,2,1.487972316825914,12.95,normal
228,0.4,4,87.41,Office Supplies,US,Consumer,Second Class,South,12,4,-14.274626629966306,-32.55,normal
308,0.6,6,109.61,Furniture,EMEA,Consumer,Standard Class,South,11,4,-24.753353503927322,-76.24,normal
400,0.0,8,0.0,Technology,EMEA,Consumer,First Class,North,12,4,15.083513346170026,60.33,normal
286,0.27,6,0.0,Office Supplies,LATAM,Home Office,First Class,North,1,1,-0.9612613603303208,-2.75,normal
172,0.1,4,18.33,Office Supplies,APAC,Consumer,Standard Class,Central,6,2,13.30253110956098,22.88,normal
287,0.0,6,44.0,Office Supplies,EU,Home Office,Second Class,South,4,2,9.781724267303165,28.07,normal
581,0.6,4,0.0,Office Supplies,LATAM,Consumer,First Class,Central,1,1,-23.40066820619971,-135.96,normal
108,0.0,4,103.85,Office Supplies,LATAM,Home Office,Standard Class,West,5,2,13.341921138649509,14.41,normal
274,0.7,3,50.67,Office Supplies,US,Corporate,Standard Class,Southeast Asia,10,4,-28.144893286239633,-77.12,normal
140,0.0,7,28.64,Office Supplies,APAC,Home Office,Second Class,North,5,2,17.22037699231573,24.11,normal
641,0.1,2,0.0,Technology,EMEA,Consumer,Standard Class,West,8,3,11.479366747315838,73.58,normal
72,0.0,7,0.0,Office Supplies,EU,Corporate,Standard Class,West,12,4,16.247408177161336,11.7,normal
157,0.0,5,42.48,Office Supplies,EU,Home Office,First Class,Central,10,4,13.122680868804672,20.6,normal
333,0.0,1,0.0,Technology,APAC,Consumer,Second Class,Caribbean,7,3,18.68977303625381,62.24,normal
862,0.0,4,84.4,Office Supplies,LATAM,Consumer,Standard Class,East,6,2,17.333392892633146,149.41,normal
233,0.0,1,17.31,Office Supplies,APAC,Consumer,Standard Class,Central,8,3,12.803101350788735,29.83,normal
158,0.0,5,212.19,Office Supplies,Africa,Home Office,Standard Class,Central,4,2,17.344074359419544,27.4,normal
1110,0.2,5,158.61,Furniture,EMEA,Corporate,Standard Class,Central,9,3,0.15711830618270545,1.74,normal
77,0.0,2,15.98,Furniture,EU,Corporate,Standard Class,Central,6,2,15.136380721446757,11.66,normal
42,0.0,4,20.28,Office Supplies,LATAM,Consumer,Second Class,West,11,4,14.395740299769079,6.05,normal
350,0.4,8,83.42,Technology,Africa,Consumer,Standard Class,North,11,4,-4.856266034513704,-17.0,normal
164,0.0,2,123.96,Office Supplies,LATAM,Corporate,Standard Class,Southeast Asia,9,3,14.87818130496441,24.4,normal
108,0.5,1,0.0,Technology,APAC,Consumer,Standard Class,West,6,2,-12.288636786121737,-13.27,normal
434,0.7,7,0.0,Technology,EU,Corporate,Same Day,Africa,4,2,-23.22320871532293,-100.79,normal
299,0.1,8,0.0,Technology,Africa,Home Office,Standard Class,Oceania,11,4,13.610422407674712,40.7,normal
156,0.2,3,59.76,Office Supplies,APAC,Consumer,Standard Class,Central,8,3,-0.7486947357720153,-1.17,normal
88,0.5,6,54.85,Office Supplies,LATAM,Corporate,Standard Class,South,5,2,-10.699099173546367,-9.42,normal
495,0.0,7,87.67,Office Supplies,Africa,Consumer,Standard Class,Oceania,4,2,9.421010878350604,46.63,normal
414,0.0,2,0.0,Furniture,APAC,Corporate,Standard Class,Central,4,2,9.945563670783311,41.17,normal
227,0.0,2,0.0,Office Supplies,APAC,Consumer,Standard Class,Central,11,4,14.717192787705297,33.41,normal
1079,0.4,6,75.54,Furniture,EU,Corporate,Standard Class,East,5,2,-10.762932092742156,-116.13,normal
104,0.0,7,0.0,Furniture,EMEA,Consumer,Standard Class,Oceania,8,3,16.728517583224136,17.4,normal
72,0.2,5,0.0,Office Supplies,EU,Consumer,Standard Class,South,8,3,-2.5748744646753217,-1.85,normal
141,0.402,1,34.69,Technology,Canada,Corporate,Standard Class,Oceania,9,3,-7.643082385169133,-10.78,normal
237,0.7,8,71.82,Technology,US,Consumer,Standard Class,Southeast Asia,12,4,-30.380500463397794,-72.0,normal
299,0.0,2,19.38,Furniture,APAC,Corporate,Standard Class,South,11,4,12.094865921730744,36.16,normal
203,0.0,3,0.14,Furniture,Canada,Consumer,Standard Class,Central,8,3,12.815050753500092,26.01,normal
326,0.6,4,17.24,Technology,LATAM,Corporate,Standard Class,Central Asia,1,1,-13.227612773486243,-43.12,normal
90,0.2,7,5.14,Office Supplies,LATAM,Consumer,Second Class,South,7,3,3.3619042826803622,3.03,normal
782,0.0,5,0.0,Technology,EU,Corporate,Standard Class,Central,9,3,21.132075388327138,165.25,normal
230,0.0,4,0.0,Office Supplies,LATAM,Consumer,Standard Class,North,9,3,16.751511244617177,38.53,normal
602,0.5,5,56.24,Technology,APAC,Consumer,Standard Class,Southeast Asia,9,3,-13.305744591015506,-80.1,normal
324,0.1,4,44.81,Furniture,APAC,Consumer,Same Day,South,4,2,1.773117759623882,5.74,normal
355,0.6,5,36.01,Office Supplies,EU,Corporate,First Class,South,9,3,-20.174993105124567,-71.62,normal
388,0.5,1,0.0,Technology,EMEA,Consumer,Standard Class,South,4,2,-16.47630605143609,-63.93,normal
352,0.2,3,15.98,Office Supplies,EU,Home Office,Standard Class,Caribbean,10,4,6.885621218008932,24.24,normal
412,0.0,4,0.0,Office Supplies,Canada,Home Office,Standard Class,Central,6,2,14.513813693889528,59.8,normal
713,0.0,1,36.6,Office Supplies,LATAM,Consumer,Standard Class,Africa,10,4,18.58553223453425,132.51,normal
288,0.0,4,108.24,Technology,LATAM,Corporate,Standard Class,Central Asia,1,1,16.5593566976028,47.69,normal
434,0.0,3,0.0,Furniture,APAC,Consumer,Second Class,Central,7,3,12.806552359202975,55.58,normal
229,0.4,7,0.0,Furniture,APAC,Consumer,Standard Class,Caribbean,10,4,-11.371953427995933,-26.04,normal
780,0.2,7,45.23,Office Supplies,LATAM,Corporate,First Class,Central Asia,5,2,2.864867645967228,22.35,normal
143,0.5,2,98.16,Furniture,US,Corporate,Standard Class,North Asia,11,4,-19.297978540189778,-27.6,normal
1041,0.0,3,0.69,Technology,Africa,Corporate,First Class,Central,9,3,19.17736805541156,199.64,normal
238,0.2,3,0.0,Office Supplies,Africa,Consumer,Second Class,Oceania,9,3,0.22151020955037515,0.53,normal
78,0.2,2,0.0,Office Supplies,LATAM,Consumer,Standard Class,Southeast Asia,6,2,-0.6283059868771761,-0.49,normal
273,0.2,4,32.3,Office Supplies,EMEA,Consumer,Standard Class,Caribbean,8,3,6.728480679980483,18.37,normal
142,0.1,2,143.38,Furniture,LATAM,Corporate,Standard Class,Central,9,3,8.181503966676303,11.62,normal
482,0.0,1,42.27,Technology,APAC,Consumer,Standard Class,Southeast Asia,8,3,18.19767482580672,87.71,normal
146,0.0,5,25.1,Technology,EMEA,Corporate,Standard Class,South,10,4,22.995427147631347,33.57,normal
172,0.0,5,44.83,Office Supplies,US,Consumer,Standard Class,Central,7,3,14.196703443825466,24.42,normal
54,0.0,2,25.74,Technology,APAC,Consumer,Standard Class,EMEA,4,2,21.968109659966938,11.86,normal
171,0.0,6,0.0,Office Supplies,EU,Consumer,Same Day,Southeast Asia,5,2,15.526722254777466,26.55,normal
35,0.2,2,73.55,Office Supplies,LATAM,Consumer,Standard Class,North,1,1,-0.07425225022917026,-0.03,normal
69,0.002,4,39.31,Technology,US,Consumer,Same Day,North,6,2,23.42412057531255,16.16,normal
452,0.2,5,27.39,Office Supplies,EU,Corporate,Standard Class,Canada,10,4,5.972132539872256,26.99,normal
462,0.4,3,0.0,Furniture,Africa,Home Office,Second Class,EMEA,11,4,-12.363063093028693,-57.12,normal
346,0.0,5,101.06,Office Supplies,APAC,Corporate,Standard Class,Africa,4,2,17.181513778601847,59.45,normal
113,0.2,2,64.46,Technology,LATAM,Consumer,Standard Class,EMEA,12,4,4.78888969800628,5.41,normal
237,0.0,3,0.0,Office Supplies,EU,Consumer,First Class,EMEA,8,3,17.487447105178624,41.45,normal
245,0.0,3,83.78,Office Supplies,EU,Home Office,Standard Class,West,12,4,7.826764304148122,19.18,normal
97,0.0,2,0.0,Office Supplies,LATAM,Consumer,Second Class,Central Asia,10,4,11.94059599891622,11.58,normal
820,0.0,3,0.0,Office Supplies,US,Home Office,Standard Class,Africa,10,4,17.93777923286089,147.09,normal
497,0.0,1,0.0,Furniture,EMEA,Consumer,Standard Class,Southeast Asia,2,1,11.251033385343241,55.92,normal
206,0.0,2,0.0,Office Supplies,Africa,Consumer,Standard Class,Central,5,2,15.622626884666225,32.18,normal
251,0.0,3,53.39,Furniture,EMEA,Home Office,Second Class,Central,1,1,7.959643013653697,19.98,normal
291,0.3,3,0.0,Furniture,EMEA,Consumer,Standard Class,North,10,4,-0.4563990128936908,-1.33,normal
48,0.0,3,0.0,Office Supplies,EU,Corporate,Second Class,Central,6,2,18.57158893115303,8.91,normal
202,0.0,3,0.0,Office Supplies,EMEA,Corporate,First Class,South,11,4,14.397944344874011,29.08,normal
142,0.0,5,21.44,Technology,LATAM,Consumer,Standard Class,North,6,2,16.785912429410022,23.84,normal
110,0.2,5,17.76,Furniture,LATAM,Consumer,Standard Class,Central,11,4,3.088813084259079,3.4,normal
196,0.0,2,7.66,Furniture,LATAM,Corporate,Second Class,South,3,1,17.947411350506783,35.18,normal
1038,0.0,1,0.0,Office Supplies,EU,Corporate,Standard Class,North,4,2,17.86128076743406,185.4,normal
411,0.0,1,0.0,Technology,LATAM,Consumer,Standard Class,Africa,6,2,24.515408002189808,100.76,normal
156,0.0,2,52.98,Office Supplies,Africa,Home Office,Standard Class,Central Asia,7,3,12.232946012814246,19.08,normal
389,0.0,3,0.0,Furniture,LATAM,Consumer,Standard Class,Oceania,6,2,9.541839508503628,37.12,normal
366,0.49,3,0.0,Office Supplies,LATAM,Corporate,First Class,Central,12,4,-16.195312741743138,-59.27,high_discount
220,0.47,4,0.0,Office Supplies,US,Corporate,Standard Class,Central Asia,10,4,-16.099763672955945,-35.42,high_discount
413,0.41,6,95.16,Technology,EMEA,Corporate,Second Class,Africa,9,3,-6.8043702755038575,-28.1,high_discount
833,0.6,2,0.0,Office Supplies,APAC,Consumer,Standard Class,West,12,4,-19.908088107441785,-165.83,high_discount
204,0.48,4,0.0,Office Supplies,LATAM,Home Office,Same Day,South,1,1,-7.520406203370163,-15.34,high_discount
204,0.37,3,57.12,Furniture,EMEA,Corporate,Standard Class,EMEA,5,2,-14.73565025868964,-30.06,high_discount
871,0.33,4,94.31,Office Supplies,EMEA,Corporate,Second Class,South,8,3,-1.3218568700984346,-11.51,high_discount
455,0.35,6,67.57,Furniture,Africa,Corporate,Second Class,Central,5,2,-6.080695316954785,-27.67,high_discount
169,0.37,4,83.45,Office Supplies,US,Home Office,Second Class,Central,10,4,-9.537278218130101,-16.12,high_discount
380,0.35,4,0.0,Furniture,LATAM,Corporate,Standard Class,Southeast Asia,12,4,-8.390292136241907,-31.88,high_discount
170,0.36,1,0.0,Office Supplies,EU,Corporate,First Class,Oceania,7,3,-7.972899748012844,-13.55,high_discount
169,0.39,5,112.4,Furniture,US,Home Office,Standard Class,Africa,6,2,-10.842934258743785,-18.32,high_discount
299,0.35,5,7.89,Furniture,APAC,Corporate,Second Class,North,12,4,-4.472606959786348,-13.37,high_discount
53,0.57,8,12.0,Office Supplies,EU,Consumer,Standard Class,Central Asia,7,3,-17.383181302106056,-9.21,high_discount
62,0.32,3,102.48,Furniture,US,Corporate,Standard Class,Central,8,3,-5.674174880299674,-3.52,high_discount
157,0.46,4,58.25,Office Supplies,APAC,Consumer,Standard Class,South,6,2,-13.890927959863928,-21.81,high_discount
109,0.42,4,52.5,Office Supplies,US,Consumer,Standard Class,EMEA,12,4,-14.652169994773004,-15.97,high_discount
316,0.59,7,150.42,Office Supplies,EU,Corporate,Standard Class,Southeast Asia,9,3,-21.02540463162122,-66.44,high_discount
119,0.33,3,0.0,Office Supplies,Africa,Home Office,Standard Class,Canada,11,4,-1.1801755354082553,-1.4,high_discount
79,0.42,4,79.54,Office Supplies,APAC,Home Office,Standard Class,South,11,4,-14.781503569768942,-11.68,high_discount
796,0.59,5,29.64,Office Supplies,LATAM,Consumer,Second Class,North Asia,6,2,-23.565268104530084,-187.58,high_discount
205,0.56,4,41.77,Office Supplies,EU,Corporate,First Class,East,7,3,-18.221196791297796,-37.35,high_discount
260,0.55,2,113.95,Technology,LATAM,Consumer,Standard Class,South,11,4,-17.95396435454179,-46.68,high_discount
78,0.38,4,55.47,Furniture,US,Home Office,Standard Class,EMEA,6,2,-13.177570341345639,-10.28,high_discount
159,0.35,6,57.22,Office Supplies,US,Home Office,Standard Class,EMEA,11,4,-7.2707957451845315,-11.56,high_discount
269,0.5,1,87.83,Office Supplies,APAC,Corporate,Standard Class,Caribbean,12,4,-19.096852212570447,-51.37,high_discount
98,0.58,4,5.47,Office Supplies,EU,Corporate,Second Class,Central,9,3,-22.7223655386491,-22.27,high_discount
332,0.47,2,0.0,Office Supplies,EU,Corporate,Second Class,Southeast Asia,10,4,-11.089716249638073,-36.82,high_discount
152,0.47,6,0.0,Office Supplies,LATAM,Corporate,Standard Class,South,11,4,-17.12210934669289,-26.03,high_discount
195,0.38,1,0.0,Office Supplies,Africa,Consumer,Standard Class,West,11,4,-12.593616403484514,-24.56,high_discount
152,0.53,2,144.19,Office Supplies,EMEA,Consumer,Standard Class,EMEA,7,3,-18.690074938601683,-28.41,high_discount
1084,0.36,4,0.0,Furniture,US,Corporate,First Class,Africa,2,1,-7.404133492470461,-80.26,high_discount
243,0.4,7,13.7,Office Supplies,US,Corporate,Same Day,East,7,3,-9.59076542399067,-23.31,high_discount
105,0.43,3,10.52,Office Supplies,EU,Consumer,Standard Class,Southeast Asia,10,4,-12.193743234346856,-12.8,high_discount
475,0.45,2,43.99,Office Supplies,Africa,Home Office,Standard Class,East,7,3,-11.86692360745318,-56.37,high_discount
92,0.37,8,73.11,Office Supplies,US,Consumer,First Class,Central,10,4,-12.437122298578956,-11.44,high_discount
291,0.33,1,75.68,Office Supplies,US,Consumer,First Class,Oceania,6,2,-3.3158830386749036,-9.65,high_discount
51,0.48,1,0.0,Technology,EMEA,Corporate,Standard Class,Central,9,3,-9.649694905789065,-4.92,high_discount
85,0.39,4,16.8,Office Supplies,LATAM,Corporate,Standard Class,EMEA,4,2,-9.627925422287166,-8.18,high_discount
288,0.47,2,42.57,Office Supplies,EMEA,Corporate,Standard Class,Africa,10,4,-10.18222646461075,-29.32,high_discount
445,0.35,1,12.13,Furniture,APAC,Consumer,Standard Class,EMEA,8,3,-12.382488296859115,-55.1,high_discount
282,0.44,5,118.47,Furniture,LATAM,Consumer,Standard Class,North,4,2,-11.016273020239291,-31.07,high_discount
224,0.46,4,54.51,Technology,LATAM,Corporate,Standard Class,Canada,6,2,-9.136519003214248,-20.47,high_discount
193,0.32,2,68.48,Office Supplies,Africa,Corporate,Standard Class,Central,10,4,-5.20965776963452,-10.05,high_discount
75,0.4,1,64.36,Technology,EMEA,Consumer,Standard Class,Oceania,8,3,-6.059620906104935,-4.54,high_discount
138,0.34,5,93.61,Office Supplies,US,Corporate,Second Class,EMEA,5,2,-5.721794297432828,-7.9,high_discount
170,0.32,5,36.75,Office Supplies,US,Consumer,Standard Class,Central,12,4,-0.5391513107468482,-0.92,high_discount
574,0.6,3,0.0,Office Supplies,EU,Corporate,Standard Class,Central,10,4,-24.23003738241304,-139.08,high_discount
324,0.4,8,49.28,Office Supplies,Africa,Home Office,Standard Class,Central Asia,12,4,-11.287557717439794,-36.57,high_discount
60,0.54,1,0.0,Office Supplies,EU,Consumer,Standard Class,North Asia,7,3,-14.291091323782567,-8.57,high_discount
319,0.38,1,0.0,Office Supplies,LATAM,Consumer,Same Day,North Asia,8,3,-9.586604805551579,-30.58,high_discount
181,0.5,2,59.97,Furniture,APAC,Corporate,Standard Class,Caribbean,12,4,-15.298400768005225,-27.69,high_discount
143,0.53,3,97.33,Furniture,US,Corporate,Standard Class,Central,8,3,-14.701692050973872,-21.02,high_discount
402,0.48,4,27.59,Technology,US,Corporate,Second Class,EMEA,10,4,-12.005385080824897,-48.26,high_discount
562,0.44,3,44.07,Office Supplies,LATAM,Home Office,Standard Class,Oceania,5,2,-9.355913020274082,-52.58,high_discount
519,0.42,4,123.91,Furniture,APAC,Corporate,First Class,North,7,3,-16.661076844019576,-86.47,high_discount
125,0.4,1,40.17,Office Supplies,EMEA,Home Office,Standard Class,EMEA,3,1,-6.735800105796573,-8.42,high_discount
192,0.58,7,175.44,Technology,APAC,Corporate,Standard Class,EMEA,4,2,-16.201728042039697,-31.11,high_discount
321,0.55,3,58.78,Office Supplies,US,Consumer,Standard Class,Africa,1,1,-16.580885153519354,-53.22,high_discount
537,0.59,6,0.0,Technology,Africa,Consumer,Standard Class,Africa,1,1,-19.336716216106183,-103.84,high_discount
168,0.34,4,69.54,Office Supplies,EU,Consumer,First Class,Central,12,4,-10.38325024670152,-17.44,high_discount
212,0.52,5,48.21,Furniture,LATAM,Corporate,First Class,North,5,2,-17.69024380575149,-37.5,high_discount
101,0.58,5,100.27,Furniture,US,Consumer,Standard Class,Africa,9,3,-28.99020945743836,-29.28,high_discount
94,0.35,4,64.95,Office Supplies,EMEA,Home Office,Standard Class,Africa,11,4,-6.952051476727604,-6.53,high_discount
472,0.32,5,18.44,Office Supplies,EU,Corporate,First Class,Central,9,3,-1.3764544007400903,-6.5,high_discount
729,0.52,7,0.0,Furniture,Africa,Corporate,First Class,West,4,2,-18.624306792380896,-135.77,high_discount
232,0.47,4,14.4,Office Supplies,APAC,Consumer,Standard Class,Central,10,4,-7.35497206563056,-17.06,high_discount
550,0.55,5,0.0,Furniture,EU,Consumer,Standard Class,EMEA,9,3,-17.92467254225468,-98.59,high_discount
329,0.34,3,0.0,Office Supplies,US,Consumer,Standard Class,Southeast Asia,10,4,-7.361695164976732,-24.22,high_discount
147,0.54,7,60.1,Office Supplies,EMEA,Consumer,First Class,Africa,11,4,-17.31805986044569,-25.46,high_discount
329,0.36,2,122.06,Office Supplies,APAC,Consumer,Standard Class,South,12,4,-6.7421121076333055,-22.18,high_discount
843,0.35,8,48.99,Office Supplies,US,Corporate,Standard Class,Oceania,9,3,-10.746530290038383,-90.59,high_discount
239,0.35,3,0.0,Technology,EU,Home Office,Second Class,Africa,6,2,-5.82119674945306,-13.91,high_discount
861,0.54,1,51.85,Office Supplies,LATAM,Home Office,Standard Class,Southeast Asia,9,3,-19.082282720939588,-164.3,high_discount
30,0.5,4,94.94,Office Supplies,APAC,Corporate,Standard Class,West,2,1,-21.10866150856781,-6.33,high_discount
475,0.46,2,0.0,Office Supplies,EMEA,Consumer,Standard Class,Africa,12,4,-12.457519595245072,-59.17,high_discount
264,0.41,5,18.7,Office Supplies,APAC,Home Office,Standard Class,North,3,1,-10.34721553395912,-27.32,high_discount
194,0.56,2,27.22,Furniture,LATAM,Home Office,Standard Class,Central,6,2,-26.618681703934726,-51.64,high_discount
265,0.42,2,0.0,Furniture,LATAM,Consumer,Standard Class,South,11,4,-11.987361404168002,-31.77,high_discount
50,0.54,1,63.52,Office Supplies,EMEA,Corporate,Standard Class,EMEA,9,3,-15.252381765927128,-7.63,high_discount
206,0.43,2,19.45,Furniture,US,Consumer,Standard Class,Africa,7,3,-13.118896563405334,-27.02,high_discount
328,0.41,1,50.41,Technology,US,Corporate,First Class,North,8,3,-7.572204525626908,-24.84,high_discount
804,0.44,1,0.0,Office Supplies,LATAM,Home Office,Second Class,South,11,4,-9.625673544744433,-77.39,high_discount
162,0.39,5,1.31,Furniture,US,Consumer,Standard Class,Central,6,2,-9.359338918569929,-15.16,high_discount
129,0.52,5,67.77,Office Supplies,EU,Home Office,Standard Class,North,11,4,-15.277789290840937,-19.71,high_discount
165,0.45,4,5.01,Office Supplies,EMEA,Corporate,Standard Class,South,2,1,-14.473836751304283,-23.88,high_discount
512,0.37,1,125.33,Furniture,Africa,Home Office,Standard Class,West,11,4,-9.370197703466458,-47.98,high_discount
320,0.57,3,3.48,Office Supplies,APAC,Consumer,Standard Class,Central,11,4,-15.613558047523558,-49.96,high_discount
161,0.42,3,39.25,Furniture,US,Home Office,Second Class,Africa,4,2,-14.98988717583519,-24.13,high_discount
371,0.46,1,79.81,Furniture,APAC,Consumer,Standard Class,Central Asia,7,3,-9.306181982602707,-34.53,high_discount
266,0.57,7,0.0,Office Supplies,EU,Consumer,Standard Class,Central,4,2,-20.776892801956148,-55.27,high_discount
535,0.49,5,0.0,Furniture,LATAM,Consumer,Standard Class,North,10,4,-17.30277895997959,-92.57,high_discount
140,0.34,3,0.0,Office Supplies,LATAM,Home Office,Second Class,Central,8,3,-7.4174567880190105,-10.38,high_discount
189,0.58,4,98.72,Office Supplies,LATAM,Corporate,Standard Class,Africa,9,3,-19.130187492239216,-36.16,high_discount
180,0.49,4,0.0,Technology,US,Home Office,Second Class,Africa,4,2,-16.626665077905823,-29.93,high_discount
76,0.4,1,172.95,Furniture,LATAM,Home Office,Standard Class,EMEA,5,2,-13.638125396450164,-10.36,high_discount
312,0.34,3,0.0,Office Supplies,US,Consumer,First Class,North,1,1,-8.676363601045704,-27.07,high_discount
303,0.54,2,36.95,Office Supplies,LATAM,Consumer,First Class,North Asia,6,2,-16.993984956323132,-51.49,high_discount
247,0.49,1,114.73,Technology,APAC,Consumer,Standard Class,Central,9,3,-8.416657873473277,-20.79,high_discount
204,0.46,3,141.32,Technology,US,Consumer,Standard Class,Central,11,4,-7.661981438656347,-15.63,high_discount
79,0.57,8,144.49,Technology,LATAM,Consumer,Standard Class,East,10,4,-23.314978082576673,-18.42,high_discount
176,0.54,5,95.61,Office Supplies,EU,Consumer,Standard Class,Africa,7,3,-11.273791041216365,-19.84,high_discount
187,0.35,2,85.05,Office Supplies,US,Consumer,Second Class,North Asia,12,4,-5.114160178137395,-9.56,high_discount
129,0.39,5,60.33,Office Supplies,LATAM,Consumer,First Class,Africa,10,4,-10.729497421479003,-13.84,high_discount
216,0.37,7,70.97,Technology,APAC,Consumer,Second Class,Southeast Asia,12,4,-3.7286162430271768,-8.05,high_discount
340,0.52,6,0.0,Office Supplies,LATAM,Consumer,First Class,EMEA,8,3,-15.671430532491925,-53.28,high_discount
1114,0.31,4,0.0,Office Supplies,Africa,Home Office,Standard Class,West,5,2,-5.600546150854692,-62.39,high_discount
283,0.47,2,26.18,Furniture,US,Corporate,Standard Class,North Asia,2,1,-15.606249997973773,-44.17,high_discount
302,0.53,5,16.62,Office Supplies,US,Home Office,Second Class,Africa,10,4,-18.622416862860923,-56.24,high_discount
232,0.56,4,0.41,Furniture,US,Consumer,Standard Class,Central,3,1,-22.81308597807007,-52.93,high_discount
53,0.4,6,66.28,Technology,APAC,Consumer,Second Class,South,6,2,-8.058837407265253,-4.27,high_discount
241,0.55,5,81.11,Furniture,EU,Corporate,Standard Class,Central,8,3,-25.29801386921896,-60.97,high_discount
258,0.33,6,31.44,Office Supplies,US,Consumer,Standard Class,South,9,3,-4.362490589353849,-11.26,high_discount
1768,0.55,2,111.03,Office Supplies,APAC,Consumer,Same Day,South,9,3,-16.244101690450986,-287.2,high_discount
211,0.34,6,0.0,Technology,LATAM,Consumer,Standard Class,Africa,4,2,-0.8553492117708854,-1.8,high_discount
313,0.42,4,15.28,Furniture,LATAM,Consumer,Same Day,Africa,6,2,-10.740224242094296,-33.62,high_discount
239,0.54,8,0.0,Technology,EU,Consumer,Same Day,EMEA,9,3,-13.4269793699554,-32.09,high_discount
96,0.34,2,0.0,Office Supplies,Africa,Consumer,Second Class,Africa,12,4,-6.998176494650712,-6.72,high_discount
614,0.37,7,21.64,Technology,APAC,Corporate,Second Class,Central,10,4,-1.6810084067064328,-10.32,high_discount
449,0.52,4,19.4,Technology,EU,Consumer,Standard Class,Central,12,4,-17.272552619525808,-77.55,high_discount
464,0.52,2,113.09,Technology,APAC,Consumer,First Class,Central,11,4,-15.902014147537443,-73.79,high_discount
119,0.49,2,62.52,Technology,Africa,Corporate,Standard Class,North,9,3,-14.292600214269733,-17.01,high_discount
757,0.51,3,0.0,Furniture,APAC,Consumer,Standard Class,Central,4,2,-15.35983182258207,-116.27,high_discount
80,0.46,4,132.61,Technology,LATAM,Consumer,Second Class,South,10,4,-6.771634457579775,-5.42,high_discount
394,0.38,5,96.34,Office Supplies,US,Home Office,Standard Class,EMEA,9,3,-6.338084288865016,-24.97,high_discount
1421,0.4,2,59.73,Office Supplies,US,Consumer,Standard Class,Southeast Asia,9,3,-5.784210404364608,-82.19,high_discount
111,0.35,3,13.4,Office Supplies,EU,Consumer,Standard Class,Central,8,3,-8.637848347235964,-9.59,high_discount
156,0.57,8,0.0,Office Supplies,LATAM,Consumer,Standard Class,Oceania,8,3,-18.154214640417056,-28.32,high_discount
266,0.48,7,5.05,Office Supplies,LATAM,Consumer,First Class,Oceania,6,2,-14.17552328514949,-37.71,high_discount
164,0.42,4,88.76,Office Supplies,LATAM,Corporate,Standard Class,Southeast Asia,8,3,-7.6593536883452575,-12.56,high_discount
71,0.44,4,134.36,Office Supplies,APAC,Corporate,First Class,Central Asia,4,2,-11.745672697656591,-8.34,high_discount
260,0.58,4,114.8,Office Supplies,EU,Consumer,Second Class,Central,11,4,-20.95482866523024,-54.48,high_discount
105,0.35,5,0.0,Furniture,LATAM,Corporate,First Class,Central,4,2,-7.37727444431703,-7.75,high_discount
360,0.48,1,0.0,Furniture,LATAM,Consumer,Standard Class,North Asia,2,1,-14.171492498426298,-51.02,high_discount
118,0.45,3,34.45,Office Supplies,US,Consumer,Second Class,North,7,3,-14.005035584540405,-16.53,high_discount
851,0.48,1,0.0,Furniture,Africa,Corporate,Standard Class,Africa,9,3,-16.983227014057125,-144.53,high_discount
131,0.31,4,44.89,Office Supplies,EU,Consumer,First Class,Oceania,7,3,-6.7753219009249595,-8.88,high_discount
190,0.56,5,17.92,Office Supplies,APAC,Consumer,Standard Class,Oceania,5,2,-26.09418305247882,-49.58,high_discount
472,0.58,2,0.0,Office Supplies,APAC,Consumer,First Class,Central Asia,9,3,-19.19862110575881,-90.62,high_discount
92,0.47,7,0.0,Office Supplies,Africa,Consumer,Same Day,Canada,6,2,-11.373283931236104,-10.46,high_discount
295,0.51,1,55.8,Technology,LATAM,Consumer,Standard Class,West,12,4,-11.813799572739825,-34.85,high_discount
701,0.58,1,0.0,Technology,APAC,Home Office,Standard Class,South,12,4,-22.6486851532631,-158.77,high_discount
68,0.51,4,0.0,Office Supplies,EU,Consumer,Second Class,North Asia,8,3,-16.652548290229426,-11.32,high_discount
285,0.35,6,0.0,Office Supplies,US,Consumer,Standard Class,Central,6,2,-12.655043280153244,-36.07,high_discount
303,0.47,7,24.8,Office Supplies,US,Consumer,First Class,South,10,4,-9.090896677037446,-27.55,high_discount
460,0.48,2,127.92,Office Supplies,LATAM,Corporate,Standard Class,North Asia,1,1,-17.058163746354253,-78.47,high_discount
91,0.43,6,121.56,Office Supplies,APAC,Corporate,Standard Class,South,8,3,-7.033789171620311,-6.4,high_discount
85,0.52,3,0.19,Office Supplies,Africa,Corporate,Same Day,South,6,2,-13.362391068947566,-11.36,high_discount
374,0.58,3,0.0,Technology,LATAM,Corporate,Second Class,Central,12,4,-19.50177105760818,-72.94,high_discount
312,0.58,5,53.24,Furniture,US,Home Office,First Class,East,1,1,-26.19835485380323,-81.74,high_discount
301,0.44,5,0.0,Office Supplies,US,Consumer,Standard Class,North,9,3,-10.348889350840984,-31.15,high_discount
325,0.33,1,43.67,Furniture,EU,Corporate,Second Class,Oceania,10,4,-10.332972111549214,-33.58,high_discount
143,0.6,7,70.27,Office Supplies,LATAM,Home Office,Standard Class,South,8,3,-20.692546073525378,-29.59,high_discount
296,0.55,7,96.68,Office Supplies,LATAM,Home Office,Second Class,Southeast Asia,2,1,-19.448482772420753,-57.57,high_discount
311,0.34,2,20.64,Office Supplies,EU,Home Office,Second Class,Southeast Asia,12,4,-10.743475243396903,-33.41,high_discount
139,0.58,4,14.71,Technology,EMEA,Consumer,Standard Class,South,8,3,-23.491404057373373,-32.65,high_discount
1096,0.56,5,0.0,Furniture,Africa,Consumer,Standard Class,EMEA,9,3,-20.91994725451621,-229.28,high_discount
360,0.46,4,0.0,Office Supplies,APAC,Consumer,Standard Class,Central,5,2,-14.284673238991878,-51.42,high_discount
95,0.48,2,13.4,Office Supplies,APAC,Corporate,Second Class,Caribbean,8,3,-15.459269450742394,-14.69,high_discount
416,0.42,2,47.42,Technology,Africa,Consumer,Standard Class,Oceania,7,3,-5.112408482718643,-21.27,high_discount
113,0.32,3,78.72,Office Supplies,US,Consumer,Second Class,Central Asia,2,1,-0.6796731701026646,-0.77,high_discount
462,0.4,6,0.0,Furniture,EMEA,Home Office,Standard Class,South,3,1,-12.817634164085428,-59.22,high_discount
622,0.54,5,111.9,Office Supplies,APAC,Consumer,Second Class,Southeast Asia,11,4,-18.42179612072959,-114.58,high_discount
127,0.3,3,10.84,Office Supplies,EU,Home Office,Second Class,Southeast Asia,5,2,-1.4995709006583486,-1.9,high_discount
532,0.4,5,25.15,Office Supplies,US,Consumer,Standard Class,Oceania,4,2,-13.070806709098726,-69.54,high_discount
342,0.42,1,0.0,Technology,US,Consumer,Standard Class,Caribbean,8,3,-6.530540835756908,-22.33,high_discount
475,0.46,6,0.0,Office Supplies,LATAM,Consumer,Standard Class,EMEA,11,4,-10.94434208453354,-51.99,high_discount
1124,0.58,1,77.03,Technology,APAC,Corporate,Second Class,Central,2,1,-14.75930937474711,-165.89,high_discount
202,0.4,3,68.59,Office Supplies,EU,Consumer,First Class,Oceania,9,3,-14.810258107507394,-29.92,high_discount
134,0.4,1,10.26,Technology,LATAM,Consumer,Standard Class,West,3,1,-8.284065809426822,-11.1,high_discount
120,0.52,1,30.21,Furniture,EU,Home Office,Second Class,Africa,1,1,-21.834789758470404,-26.2,high_discount
128,0.44,6,55.94,Technology,Africa,Consumer,Standard Class,Central,2,1,-8.100339136772359,-10.37,high_discount
231,0.37,2,0.0,Office Supplies,LATAM,Corporate,Standard Class,North,11,4,-5.757766260696047,-13.3,high_discount
323,0.44,4,0.0,Office Supplies,EMEA,Corporate,First Class,South,3,1,-6.909868777662054,-22.32,high_discount
307,0.34,3,71.88,Office Supplies,APAC,Consumer,Standard Class,EMEA,1,1,-6.884896441104221,-21.14,high_discount
477,0.35,5,0.0,Technology,US,Corporate,Standard Class,Oceania,7,3,-4.492717494927642,-21.43,high_discount
249,0.45,4,43.2,Office Supplies,Africa,Consumer,Standard Class,West,11,4,-8.550983943363759,-21.29,high_discount
788,0.43,1,0.0,Office Supplies,APAC,Corporate,Standard Class,South,5,2,-9.910269184409085,-78.09,high_discount
199,0.57,6,53.1,Office Supplies,APAC,Consumer,Standard Class,EMEA,7,3,-15.397045466436074,-30.64,high_discount
2172,0.41,2,24.33,Office Supplies,EU,Corporate,Standard Class,South,1,1,-8.73381599097049,-189.7,high_discount
406,0.47,1,0.0,Technology,APAC,Consumer,Second Class,Central,7,3,-13.671349856139813,-55.51,high_discount
124,0.49,3,93.11,Office Supplies,US,Corporate,Standard Class,Southeast Asia,9,3,-18.39938506433342,-22.82,high_discount
104,0.3,7,0.0,Technology,Africa,Consumer,Standard Class,North Asia,9,3,-4.654536747176787,-4.84,high_discount
362,0.5,5,0.0,Office Supplies,EU,Consumer,Standard Class,EMEA,6,2,-13.01384449572458,-47.11,high_discount
206,0.35,3,37.87,Office Supplies,LATAM,Consumer,Standard Class,West,6,2,-2.4342095307389755,-5.01,high_discount
436,0.59,3,92.19,Office Supplies,EU,Consumer,Second Class,North Asia,3,1,-14.851913575840856,-64.75,high_discount
359,0.34,3,0.0,Office Supplies,US,Home Office,Same Day,East,6,2,-2.8706840030302816,-10.31,high_discount
232,0.42,8,29.91,Office Supplies,APAC,Consumer,Standard Class,Central,3,1,-6.711484267395042,-15.57,high_discount
125,0.33,4,50.95,Technology,EU,Home Office,First Class,Central Asia,11,4,-3.5400489979610548,-4.43,high_discount
73,0.6,4,66.09,Office Supplies,US,Home Office,Standard Class,EMEA,12,4,-24.46924745023157,-17.86,high_discount
172,0.45,6,36.49,Furniture,US,Corporate,Standard Class,South,12,4,-12.44976200274734,-21.41,high_discount
489,0.48,4,5.35,Office Supplies,LATAM,Consumer,Standard Class,Central,11,4,-12.546957743281794,-61.35,high_discount
292,0.32,3,0.0,Office Supplies,US,Consumer,Standard Class,North,9,3,-3.8776668769773215,-11.32,high_discount
90,0.52,3,31.31,Technology,APAC,Corporate,Standard Class,Central,10,4,-12.037885558101033,-10.83,high_discount
283,0.36,3,0.0,Office Supplies,APAC,Consumer,Second Class,South,6,2,-5.63044355262538,-15.93,high_discount
335,0.57,3,0.0,Office Supplies,EMEA,Consumer,Standard Class,South,9,3,-15.348549420439312,-51.42,high_discount
121,0.36,5,51.39,Office Supplies,US,Corporate,First Class,Southeast Asia,8,3,-2.7150432455491305,-3.29,high_discount
278,0.36,4,78.17,Office Supplies,APAC,Home Office,Standard Class,North Asia,8,3,-4.967338942978957,-13.81,high_discount
258,0.31,5,0.0,Furniture,LATAM,Corporate,Standard Class,South,11,4,-4.062591382311217,-10.48,high_discount
98,0.44,3,0.0,Office Supplies,APAC,Consumer,Second Class,East,5,2,-9.857812342725671,-9.66,high_discount
328,0.47,4,61.85,Technology,LATAM,Corporate,Standard Class,East,6,2,-11.583509196103856,-37.99,high_discount
386,0.32,1,144.26,Furniture,LATAM,Consumer,Standard Class,Southeast Asia,12,4,-4.930305975260579,-19.03,high_discount
586,0.53,6,27.57,Office Supplies,APAC,Consumer,Second Class,Central,2,1,-20.983485206577786,-122.96,high_discount
572,0.44,4,0.0,Furniture,EU,Home Office,First Class,Oceania,8,3,-11.238325343112349,-64.28,high_discount
81,0.46,6,15.9,Office Supplies,US,Consumer,Second Class,Central Asia,12,4,-16.183568819298106,-13.11,high_discount
116,0.43,1,105.15,Furniture,EU,Consumer,Second Class,Oceania,9,3,-12.942590139615803,-15.01,high_discount
372,0.42,8,0.0,Office Supplies,US,Consumer,Second Class,South,8,3,-12.735461875278476,-47.38,high_discount
371,0.47,3,0.0,Technology,APAC,Home Office,First Class,North,5,2,-8.53983305077672,-31.68,high_discount
372,0.35,6,0.0,Office Supplies,Africa,Corporate,Standard Class,Oceania,6,2,-6.101775677783727,-22.7,high_discount
5375,0.35,1,0.0,Office Supplies,EMEA,Corporate,Standard Class,North,11,4,-10.784267874489997,-579.65,high_discount
389,0.56,5,33.4,Technology,EMEA,Corporate,Standard Class,Central,9,3,-14.337901106944564,-55.77,high_discount
611,0.58,1,119.46,Technology,EMEA,Consumer,Standard Class,South,8,3,-18.533762330498128,-113.24,high_discount
528,0.41,2,44.89,Office Supplies,Africa,Consumer,Second Class,Southeast Asia,3,1,-6.95655983755989,-36.73,high_discount
415,0.38,8,11.92,Office Supplies,EU,Consumer,Second Class,East,1,1,-7.796022933796779,-32.35,high_discount
191,0.49,3,9.66,Technology,APAC,Consumer,Standard Class,Central,12,4,-10.213737043835884,-19.51,high_discount
452,0.42,4,0.0,Technology,US,Consumer,Standard Class,Central Asia,6,2,-10.072706865045635,-45.53,high_discount
132,0.31,5,76.98,Furniture,US,Home Office,Second Class,South,9,3,-8.367996694282088,-11.05,high_discount
203,0.35,5,21.92,Technology,US,Consumer,Standard Class,Oceania,2,1,-4.375915908303254,-8.88,high_discount
167,0.51,4,16.03,Furniture,EU,Consumer,Second Class,West,10,4,-16.029892559272334,-26.77,high_discount
263,0.5,4,209.33,Technology,APAC,Consumer,Standard Class,Southeast Asia,12,4,-6.967868736583532,-18.33,high_discount
1570,0.31,9,43.49,Office Supplies,LATAM,Consumer,Standard Class,Central Asia,9,3,-6.01551525522863,-94.44,high_discount
55,0.37,3,0.0,Office Supplies,Africa,Home Office,Standard Class,South,3,1,-3.9694555660269586,-2.18,high_discount
426,0.37,4,1.95,Technology,EU,Consumer,Standard Class,East,9,3,-10.709032253177106,-45.62,high_discount
67,0.5,6,92.18,Technology,EU,Consumer,First Class,Central,11,4,-15.582568203276868,-10.44,high_discount
168,0.31,6,32.87,Office Supplies,LATAM,Corporate,First Class,West,7,3,-6.476335368560326,-10.88,high_discount
589,0.33,6,0.0,Office Supplies,LATAM,Consumer,Second Class,West,12,4,-8.857526068322167,-52.17,high_discount
259,0.54,5,79.04,Furniture,EMEA,Consumer,Standard Class,Oceania,9,3,-25.150765169362746,-65.14,high_discount
104,0.35,1,0.0,Office Supplies,US,Consumer,Standard Class,South,12,4,-4.761003263586607,-4.95,high_discount
139,0.5,7,133.71,Office Supplies,US,Corporate,Second Class,East,9,3,-15.642203093183584,-21.74,high_discount
424,0.37,1,88.26,Office Supplies,EU,Home Office,Second Class,Central,3,1,-6.06178380718467,-25.7,high_discount
137,0.33,4,0.75,Office Supplies,US,Corporate,Standard Class,Central,6,2,-2.7285819416354617,-3.74,high_discount
293,0.37,2,99.77,Office Supplies,LATAM,Consumer,Standard Class,West,4,2,-6.403149020482399,-18.76,high_discount
255,0.52,3,30.26,Office Supplies,US,Home Office,Second Class,North,12,4,-14.226710471548882,-36.28,high_discount
146,0.56,4,75.24,Office Supplies,EU,Consumer,Standard Class,East,11,4,-18.80859685872681,-27.46,high_discount
1369,0.55,4,54.15,Technology,EU,Consumer,Standard Class,EMEA,10,4,-18.560980164917233,-254.1,high_discount
409,0.42,4,0.0,Office Supplies,US,Consumer,Standard Class,Central,6,2,-7.026557457537611,-28.74,high_discount
48,0.5,7,0.0,Furniture,Africa,Consumer,Standard Class,East,4,2,-19.76733639834338,-9.49,high_discount
286,0.36,5,85.39,Furniture,APAC,Consumer,First Class,Africa,11,4,-12.406788896287276,-35.48,high_discount
145,0.39,3,7.19,Office Supplies,EMEA,Corporate,Same Day,Central,8,3,-8.933753627413196,-12.95,high_discount
487,0.57,6,3.25,Technology,LATAM,Home Office,Standard Class,West,5,2,-18.938432757889537,-92.23,high_discount
130,0.3,6,0.0,Office Supplies,EU,Consumer,Standard Class,North,9,3,-4.252291145968297,-5.53,high_discount
224,0.33,1,50.65,Furniture,APAC,Consumer,Standard Class,Africa,1,1,-6.767838235309601,-15.16,high_discount
369,0.36,5,144.55,Office Supplies,LATAM,Consumer,Standard Class,North,6,2,-5.554974782261617,-20.5,high_discount
492,0.31,5,0.0,Technology,EU,Consumer,Standard Class,East,8,3,-3.2934901992768895,-16.2,high_discount
94,0.35,3,27.76,Office Supplies,APAC,Corporate,Second Class,East,3,1,-7.463116118846234,-7.02,high_discount
188,0.47,7,107.29,Office Supplies,EU,Consumer,Standard Class,West,12,4,-9.97700098568927,-18.76,high_discount
168,0.43,3,21.81,Office Supplies,Africa,Home Office,Standard Class,Central,4,2,-9.310799646798177,-15.64,high_discount
146,0.57,4,52.3,Technology,APAC,Consumer,Standard Class,East,3,1,-9.97480488195437,-14.56,high_discount
1012,0.55,3,0.0,Technology,US,Consumer,Standard Class,Oceania,4,2,-11.459615478775417,-115.97,high_discount
340,0.4,4,50.92,Office Supplies,LATAM,Consumer,Standard Class,West,11,4,-5.567120794320183,-18.93,high_discount
89,0.38,1,15.65,Technology,US,Consumer,Standard Class,EMEA,7,3,-8.963605651367406,-7.98,high_discount
513,0.41,1,82.86,Office Supplies,LATAM,Consumer,Same Day,North Asia,9,3,-7.30841894509973,-37.49,high_discount
1346,0.48,7,94.41,Technology,APAC,Corporate,Standard Class,West,1,1,-10.959320405090729,-147.51,high_discount
563,0.38,2,174.75,Office Supplies,APAC,Consumer,Standard Class,Central,1,1,-9.452945410614749,-53.22,high_discount
73,0.49,1,59.59,Furniture,APAC,Corporate,First Class,EMEA,7,3,-16.895953978402414,-12.33,high_discount
167,0.42,1,45.04,Office Supplies,APAC,Consumer,Same Day,North Asia,11,4,-7.364365396165549,-12.3,high_discount
679,0.47,2,37.51,Office Supplies,US,Consumer,Standard Class,Central,12,4,-11.697505226987364,-79.43,high_discount
139,0.43,1,6.14,Office Supplies,EMEA,Consumer,First Class,Caribbean,2,1,-13.435421404026181,-18.68,high_discount
351,0.39,7,45.77,Office Supplies,EMEA,Corporate,Standard Class,Oceania,8,3,-6.172623259222141,-21.67,high_discount
458,0.58,6,9.45,Office Supplies,US,Consumer,Standard Class,Oceania,12,4,-21.71276262622789,-99.44,high_discount
117,0.53,2,36.03,Office Supplies,APAC,Corporate,Standard Class,South,6,2,-16.149950643107143,-18.9,high_discount
235,0.34,9,101.87,Furniture,LATAM,Consumer,Second Class,South,11,4,-9.310050202431405,-21.88,high_discount
18,0.56,6,0.0,Office Supplies,LATAM,Corporate,Second Class,Central Asia,3,1,-19.256598755206877,-3.47,high_discount
108,0.45,3,91.69,Office Supplies,LATAM,Consumer,Standard Class,South,12,4,-9.701271074878472,-10.48,high_discount
201,0.57,1,101.84,Office Supplies,EU,Corporate,Standard Class,Southeast Asia,10,4,-22.32058115944769,-44.86,high_discount
90,0.54,9,19.61,Office Supplies,EU,Corporate,Second Class,EMEA,12,4,-11.564414777169207,-10.41,high_discount
909,0.43,1,0.0,Office Supplies,LATAM,Home Office,Standard Class,Central,10,4,-16.26325820788349,-147.83,high_discount
78,0.31,1,0.0,Office Supplies,LATAM,Consumer,Standard Class,Central,6,2,-5.393003049764573,-4.21,high_discount
173,0.38,6,100.69,Office Supplies,EMEA,Consumer,Second Class,Africa,12,4,-6.689364330174778,-11.57,high_discount
273,0.46,9,25.07,Office Supplies,US,Consumer,Second Class,Caribbean,5,2,-10.847057500694072,-29.61,high_discount
780,0.49,7,0.0,Office Supplies,LATAM,Home Office,Second Class,EMEA,6,2,-14.701427161715113,-114.67,high_discount
78,0.38,5,0.0,Office Supplies,Africa,Corporate,First Class,EMEA,10,4,-7.972172109004628,-6.22,high_discount
625,0.34,5,74.54,Office Supplies,Africa,Corporate,Standard Class,South,11,4,-4.168349744017153,-26.05,high_discount
248,0.55,5,57.7,Office Supplies,LATAM,Consumer,Second Class,North,12,4,-18.69320843237304,-46.36,high_discount
112,0.6,5,12.69,Furniture,LATAM,Consumer,Second Class,EMEA,4,2,-19.820456226195283,-22.2,high_discount
356,0.46,4,5.36,Office Supplies,EU,Consumer,Standard Class,North Asia,11,4,-10.081952657305195,-35.89,high_discount
289,0.35,4,3.93,Technology,Africa,Home Office,Standard Class,North,10,4,-0.3815269469830964,-1.1,high_discount
152,0.38,3,0.0,Office Supplies,EMEA,Corporate,Standard Class,North,2,1,-10.698470170111252,-16.26,high_discount
260,0.31,2,118.93,Technology,APAC,Home Office,Standard Class,Central,6,2,-0.8381652732171101,-2.18,high_discount
181,0.57,3,7.91,Technology,LATAM,Consumer,Second Class,Caribbean,5,2,-17.101397846162108,-30.95,high_discount
269,0.34,1,96.12,Office Supplies,EU,Corporate,First Class,South,6,2,-8.4168041270684,-22.64,high_discount
418,0.47,3,113.54,Furniture,EU,Corporate,Standard Class,Central,12,4,-15.119507448162699,-63.2,high_discount
876,0.38,1,83.58,Office Supplies,APAC,Consumer,Standard Class,Oceania,9,3,-9.41293727333945,-82.46,high_discount
91,0.47,1,1.65,Office Supplies,EMEA,Home Office,Same Day,Africa,10,4,-11.233788510449289,-10.22,high_discount
1358,0.5,4,49.51,Technology,US,Home Office,Standard Class,EMEA,12,4,-15.210574688682996,-206.56,high_discount
51,0.55,7,24.99,Technology,EMEA,Home Office,Standard Class,EMEA,6,2,-9.842878161474538,-5.02,high_discount
218,0.36,6,0.0,Office Supplies,EMEA,Corporate,Standard Class,Southeast Asia,11,4,-9.288997975776184,-20.25,high_discount
394,0.3,1,44.96,Office Supplies,US,Consumer,Standard Class,Central,7,3,-2.342092988398692,-9.23,high_discount
308,0.34,1,0.0,Office Supplies,EU,Consumer,Standard Class,East,11,4,-3.0244220688357997,-9.32,high_discount
149,0.57,6,94.43,Office Supplies,US,Home Office,Standard Class,Oceania,4,2,-20.911921290600333,-31.16,high_discount
208,0.56,1,0.0,Technology,APAC,Consumer,Standard Class,EMEA,12,4,-13.042594069701149,-27.13,high_discount
166,0.48,3,37.9,Office Supplies,US,Corporate,Standard Class,North,5,2,-17.487550793401248,-29.03,high_discount
153,0.48,5,42.61,Office Supplies,APAC,Corporate,Standard Class,South,6,2,-9.443646902452315,-14.45,high_discount
486,0.5,1,11.54,Office Supplies,US,Corporate,Standard Class,West,11,4,-14.957552205102726,-72.69,high_discount
327,0.35,4,59.99,Office Supplies,LATAM,Home Office,Second Class,North,7,3,-7.7892342239066386,-25.47,high_discount
141,0.57,1,0.0,Office Supplies,APAC,Consumer,First Class,South,9,3,-20.0975453172823,-28.34,high_discount
506,0.43,2,76.3,Technology,APAC,Consumer,Standard Class,Africa,7,3,-5.373242191821842,-27.19,high_discount
315,0.41,4,0.0,Furniture,APAC,Consumer,Standard Class,Canada,10,4,-14.353365875551312,-45.21,high_discount
472,0.46,1,33.62,Furniture,US,Consumer,Second Class,EMEA,5,2,-17.848073068268334,-84.24,high_discount
407,0.31,4,137.47,Office Supplies,US,Consumer,Standard Class,Central Asia,2,1,-4.264609792751216,-17.36,high_discount
126,0.35,3,0.0,Furniture,EU,Consumer,Standard Class,South,6,2,-12.530886338309905,-15.79,high_discount
157,0.52,5,0.0,Technology,APAC,Home Office,Second Class,Central,8,3,-7.7383682761745565,-12.15,high_discount
448,0.32,4,55.82,Technology,APAC,Home Office,First Class,Central,4,2,-2.899183773644169,-12.99,high_discount
401,0.48,7,36.67,Office Supplies,APAC,Consumer,First Class,EMEA,6,2,-11.305149641458787,-45.33,high_discount
242,0.37,4,46.47,Office Supplies,APAC,Consumer,Standard Class,South,7,3,-6.571589749056681,-15.9,high_discount
270,0.42,2,54.4,Office Supplies,EMEA,Home Office,Second Class,Central,2,1,-13.153602151445904,-35.51,high_discount
685,0.39,4,62.74,Office Supplies,LATAM,Consumer,Standard Class,North Asia,9,3,-8.41786412763819,-57.66,high_discount
153,0.41,5,89.96,Office Supplies,LATAM,Consumer,Second Class,East,12,4,-7.247991662067754,-11.09,high_discount
381,0.52,4,49.86,Office Supplies,APAC,Consumer,Standard Class,West,3,1,-16.76478400525892,-63.87,high_discount
209,0.39,4,12.55,Office Supplies,LATAM,Corporate,Standard Class,Central,9,3,-4.8206611624469184,-10.08,high_discount
207,0.47,2,64.91,Technology,EU,Consumer,Second Class,Central,9,3,-7.135453821654408,-14.77,high_discount
593,0.44,2,135.23,Office Supplies,EU,Home Office,Standard Class,Central,7,3,-8.643255436025012,-51.25,high_discount
477,0.5,1,18.78,Office Supplies,LATAM,Consumer,Standard Class,West,10,4,-16.37897031681899,-78.13,high_discount
472,0.58,7,0.0,Furniture,APAC,Consumer,First Class,Central Asia,7,3,-26.03952734334446,-122.91,high_discount
700,0.52,1,89.81,Furniture,LATAM,Consumer,Standard Class,EMEA,8,3,-21.040762816088385,-147.29,high_discount
250,0.36,2,19.48,Technology,LATAM,Consumer,Standard Class,Central,1,1,-3.0112771779998364,-7.53,high_discount
425,0.31,2,0.0,Furniture,LATAM,Corporate,Standard Class,North,10,4,-4.962639859402935,-21.09,high_discount
192,0.38,6,74.93,Office Supplies,Africa,Corporate,Second Class,EMEA,9,3,-14.314714214281343,-27.48,high_discount
319,0.48,3,0.0,Furniture,US,Corporate,Second Class,EMEA,1,1,-16.82433960483525,-53.67,high_discount
222,0.32,6,21.19,Office Supplies,EU,Corporate,Standard Class,Africa,6,2,-3.725732324030446,-8.27,high_discount
266,0.45,2,45.4,Office Supplies,EU,Home Office,Second Class,West,12,4,-12.832632768946654,-34.13,high_discount
396,0.48,4,37.29,Office Supplies,EU,Corporate,Standard Class,Central,7,3,-9.926178482952361,-39.31,high_discount
128,0.4,2,67.03,Office Supplies,EU,Corporate,Second Class,Central,8,3,-7.734659777247387,-9.9,high_discount
1314,0.53,8,1.42,Office Supplies,US,Consumer,Standard Class,Canada,12,4,-12.86942427575731,-169.1,high_discount
110,0.33,1,55.78,Technology,US,Consumer,Standard Class,South,10,4,-2.447881561050697,-2.69,high_discount
93,0.32,4,11.5,Technology,APAC,Consumer,First Class,Central,9,3,1.6124324775207755,1.5,high_discount
622,0.52,5,68.71,Office Supplies,EU,Corporate,Standard Class,Central,11,4,-11.294800816417444,-70.25,high_discount
464,0.45,4,61.63,Office Supplies,LATAM,Consumer,Standard Class,Central,11,4,-8.064919652182017,-37.42,high_discount
406,0.51,3,0.0,Furniture,EMEA,Consumer,Standard Class,EMEA,8,3,-21.8764247802862,-88.82,high_discount
407,0.43,3,88.6,Technology,US,Home Office,Same Day,Southeast Asia,8,3,-8.561028232627145,-34.84,high_discount
244,0.37,4,0.0,Office Supplies,EU,Home Office,Standard Class,South,6,2,-8.235494116349388,-20.09,high_discount
120,0.55,3,72.67,Technology,APAC,Home Office,Standard Class,EMEA,12,4,-13.532236394771017,-16.24,high_discount
261,0.54,6,47.42,Office Supplies,EU,Consumer,Standard Class,Oceania,10,4,-15.340939334956406,-40.04,high_discount
143,0.51,9,131.7,Office Supplies,APAC,Corporate,Standard Class,North,2,1,-18.11667802207721,-25.91,high_discount
537,0.38,2,13.57,Furniture,LATAM,Consumer,Standard Class,East,11,4,-10.596484458249188,-56.9,high_discount
219,0.48,1,6.36,Office Supplies,APAC,Consumer,Second Class,East,8,3,-19.859781996468406,-43.49,high_discount
127,0.41,3,25.26,Office Supplies,US,Consumer,Same Day,Central,2,1,-5.274164982594328,-6.7,high_discount
190,0.33,9,9.0,Furniture,APAC,Consumer,Standard Class,Southeast Asia,9,3,-9.337122722030081,-17.74,high_discount
342,0.58,2,72.21,Technology,LATAM,Consumer,Standard Class,North,7,3,-16.632408180466506,-56.88,high_discount
157,0.34,7,0.0,Office Supplies,EMEA,Home Office,Standard Class,Caribbean,12,4,-6.328949141964186,-9.94,high_discount
127,0.59,7,0.0,Office Supplies,APAC,Consumer,Standard Class,North,4,2,-16.961917274959752,-21.54,high_discount
299,0.43,2,0.0,Office Supplies,EU,Corporate,First Class,Caribbean,11,4,-19.312519324192138,-57.74,high_discount
299,0.36,5,80.83,Technology,EU,Corporate,Standard Class,West,9,3,-3.6498310269777248,-10.91,high_discount
164,0.46,7,124.39,Office Supplies,APAC,Consumer,Standard Class,South,2,1,-12.917456272493094,-21.18,high_discount
169,0.56,3,20.39,Office Supplies,US,Consumer,Second Class,Africa,12,4,-19.96090916277505,-33.73,high_discount
296,0.52,3,16.7,Furniture,APAC,Consumer,Standard Class,Caribbean,8,3,-14.021320363093105,-41.5,high_discount
77,0.54,2,30.39,Office Supplies,EU,Corporate,Second Class,East,6,2,-20.06198837656732,-15.45,high_discount
79,0.5,1,92.95,Office Supplies,EU,Consumer,Standard Class,Central,8,3,-12.684611468293017,-10.02,high_discount
138,0.51,2,0.0,Office Supplies,US,Consumer,First Class,West,11,4,-14.53124163388175,-20.05,high_discount
207,0.55,1,40.03,Technology,US,Consumer,First Class,South,6,2,-11.215442242393452,-23.22,high_discount
316,0.37,4,82.25,Office Supplies,LATAM,Corporate,Second Class,Central,4,2,-9.201567254332515,-29.08,high_discount
802,0.45,2,55.09,Office Supplies,APAC,Home Office,Same Day,EMEA,3,1,-14.198906697371276,-113.88,high_discount
489,0.37,4,37.24,Technology,US,Consumer,Standard Class,South,6,2,-0.9117902775678037,-4.46,high_discount
216,0.6,1,83.73,Office Supplies,EU,Corporate,Standard Class,East,11,4,-19.724036075009668,-42.6,high_discount
242,0.58,4,0.0,Office Supplies,EMEA,Corporate,Second Class,South,8,3,-24.434812040030273,-59.13,high_discount
110,0.31,5,65.22,Office Supplies,EMEA,Home Office,Standard Class,East,5,2,-5.217915043389812,-5.74,high_discount
242,0.51,1,0.0,Office Supplies,EMEA,Home Office,Standard Class,Central,4,2,-14.44085203845582,-34.95,high_discount
195,0.58,4,0.0,Office Supplies,EU,Corporate,Standard Class,South,6,2,-17.28670733536023,-33.71,high_discount
319,0.35,6,55.67,Office Supplies,LATAM,Corporate,Standard Class,South,12,4,-8.037691959578865,-25.64,high_discount
127,0.47,1,105.08,Office Supplies,US,Home Office,Standard Class,South,6,2,-21.942767969450824,-27.87,high_discount
373,0.57,7,18.5,Office Supplies,EU,Consumer,Standard Class,Central,12,4,-17.630330442788896,-65.76,high_discount
840,0.31,4,80.97,Furniture,APAC,Consumer,Second Class,Central,8,3,-10.26096206983193,-86.19,high_discount
225,0.51,2,118.75,Furniture,EMEA,Consumer,Standard Class,Africa,4,2,-24.652016394367237,-55.47,high_discount
339,0.39,3,101.72,Technology,EMEA,Home Office,Standard Class,South,12,4,-13.896977774952425,-47.11,high_discount
428,0.58,5,120.34,Furniture,EU,Corporate,Standard Class,EMEA,8,3,-20.358057419406773,-87.13,high_discount
178,0.59,4,68.9,Office Supplies,APAC,Consumer,Standard Class,EMEA,10,4,-20.014147648785098,-35.63,high_discount
294,0.58,5,30.7,Furniture,LATAM,Corporate,First Class,North Asia,12,4,-23.476969142136753,-69.02,high_discount
248,0.44,1,0.0,Office Supplies,US,Consumer,Standard Class,North Asia,1,1,-7.232926911111713,-17.94,high_discount
266,0.56,4,12.28,Furniture,EMEA,Consumer,Standard Class,North,3,1,-19.688025950930783,-52.37,high_discount
132,0.55,1,0.0,Furniture,APAC,Home Office,First Class,South,10,4,-16.15109987183425,-21.32,high_discount
251,0.4,3,150.76,Technology,APAC,Consumer,Standard Class,Central,5,2,-10.17820641650099,-25.55,high_discount
367,0.55,1,16.3,Furniture,EMEA,Consumer,Standard Class,Central Asia,4,2,-21.103651871861892,-77.45,high_discount
787,0.31,2,33.44,Office Supplies,LATAM,Corporate,Standard Class,Central,1,1,-8.450140124844044,-66.5,high_discount
531,0.48,6,57.97,Office Supplies,EU,Corporate,First Class,South,1,1,-14.4881469955664,-76.93,high_discount
1380,0.37,6,28.87,Office Supplies,Africa,Consumer,Standard Class,South,11,4,-7.945847561300031,-109.65,high_discount
133,0.34,5,123.5,Office Supplies,APAC,Corporate,Standard Class,South,3,1,-3.5201590882107894,-4.68,high_discount
495,0.32,1,0.0,Office Supplies,US,Corporate,Standard Class,Central,8,3,-4.0633083565743044,-20.11,high_discount
285,0.51,3,37.53,Technology,APAC,Consumer,Standard Class,Southeast Asia,9,3,-10.729778585160254,-30.58,high_discount
1421,0.4,6,0.0,Furniture,LATAM,Consumer,Standard Class,Central,7,3,-9.889679600583317,-140.53,high_discount
129,0.52,4,0.0,Office Supplies,US,Corporate,Standard Class,Oceania,1,1,-9.735213967850576,-12.56,high_discount
125,0.32,9,0.0,Technology,EU,Consumer,Standard Class,Central,11,4,-2.1458899658583723,-2.68,high_discount
152,0.39,4,24.25,Furniture,Canada,Home Office,First Class,Central,1,1,-14.22306810199914,-21.62,high_discount
45,0.46,4,1.78,Furniture,EU,Home Office,Second Class,North Asia,11,4,-14.861749154050775,-6.69,high_discount
161,0.54,3,0.0,Furniture,LATAM,Home Office,Standard Class,Central,12,4,-22.806840081418635,-36.72,high_discount
134,0.4,4,0.0,Office Supplies,LATAM,Consumer,First Class,East,7,3,-4.554117694690392,-6.1,high_discount
278,0.49,3,21.61,Furniture,LATAM,Home Office,Standard Class,Africa,8,3,-18.249654116835696,-50.73,high_discount
324,0.57,5,0.0,Technology,LATAM,Consumer,Standard Class,Central,8,3,-17.896729103621965,-57.99,high_discount
1105,0.48,6,69.92,Office Supplies,APAC,Consumer,Second Class,Central Asia,7,3,-15.213947163453351,-168.11,high_discount
527,0.37,2,31.1,Office Supplies,LATAM,Consumer,First Class,South,12,4,-5.044747729585076,-26.59,high_discount
155,0.31,1,0.0,Technology,EU,Consumer,Second Class,East,12,4,-1.073240949694457,-1.66,high_discount
120,0.56,1,8.66,Office Supplies,US,Corporate,Standard Class,Central,6,2,-20.525000460391148,-24.63,high_discount
365,0.31,5,0.0,Technology,US,Consumer,First Class,East,9,3,4.396055752870591,16.05,high_discount
85,0.56,1,44.66,Technology,US,Consumer,Standard Class,Central,12,4,-18.16850952198525,-15.44,high_discount
1066,0.46,1,103.18,Office Supplies,APAC,Corporate,First Class,North,12,4,-12.49330177790102,-133.18,high_discount
633,0.58,4,0.0,Office Supplies,LATAM,Consumer,Same Day,Southeast Asia,8,3,-17.843081545169305,-112.95,high_discount
169,0.54,9,32.97,Technology,US,Corporate,Standard Class,Central Asia,8,3,-19.294005331251228,-32.61,high_discount
62,0.6,3,17.2,Office Supplies,EU,Consumer,Second Class,North Asia,5,2,-19.559218495782225,-12.13,high_discount
728,0.41,5,64.84,Office Supplies,APAC,Home Office,Standard Class,East,12,4,-12.765323026441346,-92.93,high_discount
224,0.53,4,38.59,Office Supplies,US,Home Office,Standard Class,North Asia,3,1,-14.331651657497993,-32.1,high_discount
663,0.42,3,0.0,Office Supplies,US,Consumer,Standard Class,Central,9,3,-13.087953035756929,-86.77,high_discount
68,0.44,6,8.1,Furniture,EU,Consumer,Standard Class,South,5,2,-12.321692904453418,-8.38,high_discount
152,0.49,3,0.0,Office Supplies,APAC,Consumer,First Class,South,5,2,-11.08250080111586,-16.85,high_discount
247,0.56,4,88.03,Technology,US,Corporate,Second Class,EMEA,7,3,-13.015690423101587,-32.15,high_discount
255,0.6,4,27.6,Office Supplies,EU,Consumer,Standard Class,EMEA,12,4,-20.246050055285693,-51.63,high_discount
171,0.53,2,135.31,Office Supplies,US,Consumer,First Class,Africa,2,1,-17.4939028287891,-29.91,high_discount
405,0.43,6,22.9,Furniture,US,Consumer,Same Day,Central,9,3,-15.529258729004532,-62.89,high_discount
104,0.43,3,0.0,Technology,US,Consumer,Standard Class,Oceania,2,1,-3.3868959275486894,-3.52,high_discount
219,0.52,2,0.0,Office Supplies,EU,Consumer,Same Day,Central,4,2,-18.298485660502934,-40.07,high_discount
271,0.37,5,0.0,Office Supplies,APAC,Home Office,Standard Class,South,7,3,-10.311198220709988,-27.94,high_discount
372,0.33,1,0.0,Office Supplies,US,Consumer,First Class,North,8,3,-2.8038931949015105,-10.43,high_discount
435,0.41,4,41.68,Office Supplies,US,Consumer,Standard Class,Southeast Asia,5,2,-11.988410409559485,-52.15,high_discount
100,0.39,3,55.52,Technology,US,Corporate,Standard Class,West,6,2,-8.250190492398383,-8.25,high_discount
72,0.39,6,0.0,Office Supplies,APAC,Home Office,Standard Class,Oceania,2,1,-12.730812786509297,-9.17,high_discount
685,0.37,5,77.66,Office Supplies,APAC,Consumer,Second Class,Central,6,2,-8.648729518381552,-59.24,high_discount
321,0.31,3,0.0,Office Supplies,EMEA,Consumer,Standard Class,Africa,12,4,-3.848145071689481,-12.35,high_discount
135,0.31,5,34.79,Furniture,US,Consumer,Standard Class,Central,12,4,-5.870724817017905,-7.93,high_discount
852,0.6,7,118.75,Furniture,Africa,Home Office,Standard Class,EMEA,6,2,-21.14608126710155,-180.16,high_discount
270,0.43,5,77.76,Office Supplies,US,Consumer,First Class,EMEA,9,3,-9.219306229002619,-24.89,high_discount
633,0.42,4,10.99,Technology,EU,Home Office,Standard Class,Central,12,4,-7.772616658659539,-49.2,high_discount
260,0.5,1,0.0,Office Supplies,US,Corporate,Standard Class,South,1,1,-15.59458702913916,-40.55,high_discount
1281,0.37,1,0.0,Office Supplies,EMEA,Corporate,Standard Class,Central Asia,11,4,-5.669527593254449,-72.63,high_discount
1003,0.58,3,0.0,Technology,EU,Consumer,Standard Class,Central Asia,12,4,-12.982289511214288,-130.21,high_discount
201,0.54,2,14.28,Furniture,US,Consumer,First Class,EMEA,2,1,-20.021057401550404,-40.24,high_discount
536,0.33,3,0.0,Furniture,APAC,Consumer,First Class,Central,4,2,-9.207392562631227,-49.35,high_discount
413,0.43,4,18.86,Office Supplies,EU,Consumer,Standard Class,Central,12,4,-13.778598003256636,-56.91,high_discount
736,0.56,5,30.78,Office Supplies,US,Corporate,Standard Class,EMEA,8,3,-22.93561579323668,-168.81,high_discount
113,0.58,3,13.49,Technology,LATAM,Home Office,Second Class,Central Asia,1,1,-14.801190983869429,-16.73,high_discount
426,0.44,5,0.0,Office Supplies,APAC,Corporate,Standard Class,Central,5,2,-9.666064429081327,-41.18,high_discount
574,0.48,4,36.04,Office Supplies,LATAM,Corporate,First Class,Southeast Asia,7,3,-12.067909424680012,-69.27,high_discount
60,0.35,1,51.7,Office Supplies,LATAM,Consumer,Second Class,Central,10,4,-6.385978339056168,-3.83,high_discount
95,0.6,1,0.0,Technology,LATAM,Consumer,Second Class,Caribbean,10,4,-13.779195762324747,-13.09,high_discount
48,0.37,3,107.22,Office Supplies,EU,Consumer,Standard Class,EMEA,12,4,-8.652355483754452,-4.15,high_discount
198,0.58,1,20.73,Office Supplies,Africa,Corporate,Standard Class,Southeast Asia,6,2,-16.93419228837838,-33.53,high_discount
437,0.49,5,27.46,Furniture,EU,Home Office,Same Day,South,8,3,-17.516228684968628,-76.55,high_discount
819,0.48,7,66.95,Office Supplies,APAC,Corporate,Standard Class,Oceania,8,3,-15.62505229403801,-127.97,high_discount
261,0.45,6,39.74,Office Supplies,APAC,Consumer,Second Class,Central,7,3,-10.222409078046717,-26.68,high_discount
907,0.37,3,80.99,Office Supplies,US,Consumer,Standard Class,Central,4,2,-5.971091643948018,-54.16,high_discount
81,0.35,7,42.83,Office Supplies,LATAM,Corporate,Second Class,Central Asia,12,4,-4.929081722199221,-3.99,high_discount
63,0.37,4,0.0,Office Supplies,EMEA,Consumer,Standard Class,North Asia,11,4,-6.956164733831403,-4.38,high_discount
235,0.36,3,47.09,Office Supplies,US,Home Office,Standard Class,North Asia,8,3,-6.71367924515049,-15.78,high_discount
335,0.53,2,0.0,Furniture,US,Corporate,Standard Class,Africa,9,3,-12.634884021388686,-42.33,high_discount
240,0.41,3,32.6,Office Supplies,LATAM,Corporate,Second Class,Southeast Asia,5,2,-6.04723006441148,-14.51,high_discount
47,0.32,3,24.47,Furniture,US,Consumer,Second Class,Central,8,3,-5.031519315043463,-2.36,high_discount
229,0.59,4,14.45,Office Supplies,LATAM,Consumer,Standard Class,South,10,4,-20.064602525389834,-45.95,high_discount
86,0.57,4,19.01,Office Supplies,Africa,Consumer,Standard Class,South,8,3,-16.178528398209988,-13.91,high_discount
421,0.58,3,0.0,Office Supplies,US,Consumer,Second Class,Oceania,12,4,-18.246015670825642,-76.82,high_discount
330,0.6,4,0.0,Office Supplies,LATAM,Consumer,Standard Class,EMEA,9,3,-20.92138574167789,-69.04,high_discount
116,0.35,6,31.7,Technology,LATAM,Corporate,Standard Class,Central,6,2,-3.910692975797745,-4.54,high_discount
163,0.42,6,35.54,Office Supplies,APAC,Corporate,Standard Class,Africa,11,4,-10.442752012988064,-17.02,high_discount
105,0.53,1,0.0,Office Supplies,US,Consumer,Standard Class,Southeast Asia,4,2,-26.31127720763417,-27.63,high_discount
234,0.51,1,98.9,Furniture,LATAM,Consumer,Standard Class,EMEA,6,2,-17.968197482107076,-42.05,high_discount
529,0.35,6,0.0,Furniture,EU,Consumer,Standard Class,Central,6,2,-10.465428240331079,-55.36,high_discount
112,0.54,1,81.92,Furniture,LATAM,Consumer,Standard Class,Central,7,3,-15.621990005151353,-17.5,high_discount
368,0.37,3,50.85,Office Supplies,US,Home Office,Standard Class,South,11,4,-7.141967787564736,-26.28,high_discount
161,0.37,1,0.0,Technology,EMEA,Consumer,Standard Class,South,8,3,-7.766890258604885,-12.5,high_discount
130,0.46,1,128.1,Office Supplies,US,Consumer,Standard Class,Oceania,11,4,-12.749640462384354,-16.57,high_discount
226,0.48,5,0.0,Office Supplies,US,Consumer,Standard Class,Africa,9,3,-16.93836325518751,-38.28,high_discount
107,0.47,5,79.04,Office Supplies,APAC,Home Office,First Class,West,6,2,-11.7797777528626,-12.6,high_discount
158,0.33,2,83.71,Office Supplies,APAC,Corporate,Standard Class,EMEA,11,4,-3.9271579069815443,-6.2,high_discount
94,0.56,1,0.0,Office Supplies,US,Consumer,Standard Class,East,5,2,-15.726481106675198,-14.78,high_discount
1186,0.38,2,106.16,Office Supplies,LATAM,Consumer,Standard Class,Central,5,2,-10.172645375083697,-120.65,high_discount
253,0.34,4,12.05,Furniture,EU,Corporate,Standard Class,North,8,3,-8.297975711315562,-20.99,high_discount
140,0.57,1,42.92,Office Supplies,APAC,Home Office,Standard Class,Southeast Asia,5,2,-23.2950653862799,-32.61,high_discount
292,0.59,4,41.29,Office Supplies,LATAM,Consumer,Standard Class,Central,1,1,-18.295515654225856,-53.42,high_discount
225,0.56,3,18.68,Office Supplies,APAC,Home Office,First Class,Central,9,3,-17.043386458679635,-38.35,high_discount
206,0.54,5,72.83,Furniture,EMEA,Home Office,Standard Class,North Asia,8,3,-18.912584936917295,-38.96,high_discount
402,0.5,4,71.84,Office Supplies,LATAM,Home Office,Same Day,South,7,3,-14.995142905929177,-60.28,high_discount
451,0.47,1,0.0,Office Supplies,EU,Corporate,Standard Class,Oceania,12,4,-11.955681327633627,-53.92,high_discount
161,0.33,6,101.11,Furniture,APAC,Corporate,Standard Class,Central,9,3,-2.986982675074212,-4.81,high_discount
155,0.42,3,0.0,Furniture,US,Consumer,Standard Class,Oceania,11,4,-14.055282771126041,-21.79,high_discount
197,0.41,3,85.54,Office Supplies,LATAM,Corporate,Standard Class,South,3,1,-9.184064448869744,-18.09,high_discount
39,0.38,1,90.93,Technology,EMEA,Corporate,Standard Class,Central,9,3,-8.05837889754423,-3.14,high_discount
73,0.52,2,0.0,Technology,EMEA,Corporate,Second Class,Africa,11,4,-15.804782884795,-11.54,high_discount
735,0.45,1,2.84,Technology,LATAM,Consumer,Standard Class,South,9,3,-8.706560120720077,-63.99,high_discount
919,0.32,3,0.0,Office Supplies,EMEA,Corporate,First Class,EMEA,10,4,-0.8881993598942781,-8.16,high_discount
201,0.37,7,14.06,Furniture,Canada,Home Office,First Class,Central,6,2,-10.968842472754716,-22.05,high_discount
390,0.5,1,8.73,Office Supplies,EMEA,Consumer,Standard Class,Central,2,1,-15.707749587936371,-61.26,high_discount
316,0.32,1,71.05,Office Supplies,EMEA,Home Office,Standard Class,South,8,3,-5.420655733513123,-17.13,high_discount
2894,0.56,7,101.45,Office Supplies,LATAM,Corporate,Standard Class,Central,7,3,-20.20427001253297,-584.71,high_discount
603,0.45,3,106.34,Office Supplies,EU,Home Office,Standard Class,North Asia,11,4,-11.115085632873535,-67.02,high_discount
222,0.44,2,0.0,Office Supplies,APAC,Consumer,Standard Class,Central,5,2,-15.891772935535933,-35.28,high_discount
114,0.48,6,14.39,Technology,APAC,Consumer,Standard Class,North,12,4,-6.957181269999815,-7.93,high_discount
68,0.55,2,0.0,Office Supplies,Canada,Home Office,Standard Class,Central,12,4,-19.99626689438838,-13.6,high_discount
290,0.4,8,0.0,Office Supplies,LATAM,Consumer,Standard Class,South,5,2,-6.834289543685576,-19.82,high_discount
134,0.5,5,81.66,Office Supplies,US,Home Office,Same Day,Central Asia,6,2,-18.809995792181628,-25.21,high_discount
79,0.47,2,118.94,Office Supplies,EMEA,Consumer,Second Class,Central,12,4,-11.193479608361345,-8.84,high_discount
146,0.38,8,0.0,Furniture,EMEA,Consumer,Same Day,Caribbean,12,4,-8.784166176556507,-12.82,high_discount
103,0.56,2,0.0,Office Supplies,Canada,Consumer,Standard Class,Central,7,3,-17.447393783982314,-17.97,high_discount
950,0.54,5,24.86,Office Supplies,LATAM,Corporate,Standard Class,West,6,2,-20.383285565399383,-193.64,high_discount
499,0.5,4,42.43,Office Supplies,APAC,Consumer,Standard Class,Africa,8,3,-14.251355431205768,-71.11,high_discount
244,0.56,6,0.0,Office Supplies,LATAM,Consumer,Standard Class,North Asia,10,4,-22.149168554203168,-54.04,high_discount
805,0.56,7,50.67,Office Supplies,APAC,Consumer,Standard Class,Africa,5,2,-19.358289765288557,-155.83,high_discount
262,0.51,4,0.0,Technology,APAC,Consumer,Second Class,North,10,4,-9.511760697134022,-24.92,high_discount
123,0.55,2,25.55,Furniture,LATAM,Home Office,Second Class,Central,2,1,-18.609894218787773,-22.89,high_discount
833,0.51,5,57.68,Office Supplies,US,Home Office,Standard Class,Central,1,1,-15.554451172378702,-129.57,high_discount
379,0.5,2,26.74,Technology,EU,Consumer,Standard Class,North Asia,6,2,-14.924419727768527,-56.56,high_discount
107,0.49,8,1.37,Technology,LATAM,Corporate,Standard Class,South,6,2,-9.463236863477418,-10.13,high_discount
211,0.53,4,20.1,Furniture,US,Consumer,Standard Class,EMEA,6,2,-19.741856286905925,-41.66,high_discount
122,0.35,3,21.31,Office Supplies,LATAM,Corporate,Standard Class,Southeast Asia,8,3,-12.96094679469127,-15.81,high_discount
81,0.56,4,5.18,Office Supplies,APAC,Corporate,Standard Class,South,6,2,-16.252110521050447,-13.16,high_discount
366,0.2,3,0.0,Office Supplies,LATAM,Corporate,First Class,Central,12,4,1.2046872582568593,4.41,peak_season
220,0.2,4,0.0,Office Supplies,US,Corporate,Standard Class,Central Asia,12,4,0.10023632704405472,0.22,peak_season
413,0.0,6,95.16,Technology,EMEA,Corporate,Second Class,Africa,12,4,17.79562972449614,73.5,peak_season
833,0.25,2,0.0,Office Supplies,APAC,Consumer,Standard Class,West,12,4,1.0919118925582143,9.1,peak_season
204,0.2,4,0.0,Office Supplies,LATAM,Home Office,Same Day,South,10,4,9.279593796629834,18.93,peak_season
204,0.0,3,57.12,Furniture,EMEA,Corporate,Standard Class,EMEA,11,4,7.464349741310359,15.23,peak_season
871,0.0,4,94.31,Office Supplies,EMEA,Corporate,Second Class,South,11,4,18.478143129901568,160.94,peak_season
455,0.0,6,67.57,Furniture,Africa,Corporate,Second Class,Central,11,4,14.919304683045215,67.88,peak_season
169,0.0,4,83.45,Office Supplies,US,Home Office,Second Class,Central,12,4,12.662721781869898,21.4,peak_season
380,0.0,4,0.0,Furniture,LATAM,Corporate,Standard Class,Southeast Asia,12,4,12.609707863758093,47.92,peak_season
170,0.0,1,0.0,Office Supplies,EU,Corporate,First Class,Oceania,11,4,13.627100251987155,23.17,peak_season
169,0.0,5,112.4,Furniture,US,Home Office,Standard Class,Africa,11,4,12.557065741256217,21.22,peak_season
299,0.0,5,7.89,Furniture,APAC,Corporate,Second Class,North,12,4,16.527393040213653,49.42,peak_season
53,0.5,8,12.0,Office Supplies,EU,Consumer,Standard Class,Central Asia,11,4,-13.18318130210606,-6.99,peak_season
62,0.0,3,102.48,Furniture,US,Corporate,Standard Class,Central,11,4,13.525825119700325,8.39,peak_season
157,0.0,4,58.25,Office Supplies,APAC,Consumer,Standard Class,South,11,4,13.709072040136073,21.52,peak_season
109,0.0,4,52.5,Office Supplies,US,Consumer,Standard Class,EMEA,12,4,10.547830005226995,11.5,peak_season
316,0.8,7,150.42,Office Supplies,EU,Corporate,Standard Class,Southeast Asia,12,4,-33.62540463162122,-106.26,peak_season
119,0.0,3,0.0,Office Supplies,Africa,Home Office,Standard Class,Canada,12,4,18.619824464591744,22.16,peak_season
79,0.0,4,79.54,Office Supplies,APAC,Home Office,Standard Class,South,12,4,10.418496430231057,8.23,peak_season
796,0.3,5,29.64,Office Supplies,LATAM,Consumer,Second Class,North Asia,11,4,-6.165268104530085,-49.08,peak_season
205,0.7,4,41.77,Office Supplies,EU,Corporate,First Class,East,11,4,-26.621196791297795,-54.57,peak_season
260,0.6,2,113.95,Technology,LATAM,Consumer,Standard Class,South,12,4,-20.95396435454179,-54.48,peak_season
78,0.0,4,55.47,Furniture,US,Home Office,Standard Class,EMEA,11,4,9.622429658654362,7.51,peak_season
159,0.0,6,57.22,Office Supplies,US,Home Office,Standard Class,EMEA,12,4,13.72920425481547,21.83,peak_season
269,0.1,1,87.83,Office Supplies,APAC,Corporate,Standard Class,Caribbean,12,4,4.9031477874295515,13.19,peak_season
98,0.47,4,5.47,Office Supplies,EU,Corporate,Second Class,Central,12,4,-16.122365538649106,-15.8,peak_season
332,0.0,2,0.0,Office Supplies,EU,Corporate,Second Class,Southeast Asia,12,4,17.110283750361926,56.81,peak_season
152,0.2,6,0.0,Office Supplies,LATAM,Corporate,Standard Class,South,12,4,-0.922109346692892,-1.4,peak_season
195,0.0,1,0.0,Office Supplies,Africa,Consumer,Standard Class,West,12,4,10.206383596515487,19.9,peak_season
152,0.4,2,144.19,Office Supplies,EMEA,Consumer,Standard Class,EMEA,11,4,-10.890074938601684,-16.55,peak_season
1084,0.0,4,0.0,Furniture,US,Corporate,First Class,Africa,10,4,14.195866507529537,153.88,peak_season
243,0.0,7,13.7,Office Supplies,US,Corporate,Same Day,East,11,4,14.40923457600933,35.01,peak_season
105,0.0,3,10.52,Office Supplies,EU,Consumer,Standard Class,Southeast Asia,12,4,13.606256765653145,14.29,peak_season
475,0.0,2,43.99,Office Supplies,Africa,Home Office,Standard Class,East,11,4,15.13307639254682,71.88,peak_season
92,0.0,8,73.11,Office Supplies,US,Consumer,First Class,Central,12,4,9.762877701421043,8.98,peak_season
291,0.0,1,75.68,Office Supplies,US,Consumer,First Class,Oceania,11,4,16.484116961325096,47.97,peak_season
51,0.2,1,0.0,Technology,EMEA,Corporate,Standard Class,Central,12,4,7.150305094210933,3.65,peak_season
85,0.0,4,16.8,Office Supplies,LATAM,Corporate,Standard Class,EMEA,10,4,13.772074577712836,11.71,peak_season
288,0.2,2,42.57,Office Supplies,EMEA,Corporate,Standard Class,Africa,12,4,6.017773535389249,17.33,peak_season
445,0.0,1,12.13,Furniture,APAC,Consumer,Standard Class,EMEA,12,4,8.617511703140885,38.35,peak_season
282,0.0,5,118.47,Furniture,LATAM,Consumer,Standard Class,North,11,4,15.383726979760707,43.38,peak_season
224,0.0,4,54.51,Technology,LATAM,Corporate,Standard Class,Canada,11,4,18.463480996785755,41.36,peak_season
193,0.0,2,68.48,Office Supplies,Africa,Corporate,Standard Class,Central,12,4,13.99034223036548,27.0,peak_season
75,0.0,1,64.36,Technology,EMEA,Consumer,Standard Class,Oceania,11,4,17.940379093895064,13.46,peak_season
138,0.0,5,93.61,Office Supplies,US,Corporate,Second Class,EMEA,11,4,14.678205702567174,20.26,peak_season
170,0.0,5,36.75,Office Supplies,US,Consumer,Standard Class,Central,12,4,18.66084868925315,31.72,peak_season
574,0.07,3,0.0,Office Supplies,EU,Corporate,Standard Class,Central,12,4,7.5699626175869605,43.45,peak_season
324,0.0,8,49.28,Office Supplies,Africa,Home Office,Standard Class,Central Asia,12,4,12.712442282560206,41.19,peak_season
60,0.6,1,0.0,Office Supplies,EU,Consumer,Standard Class,North Asia,11,4,-17.89109132378256,-10.73,peak_season
319,0.0,1,0.0,Office Supplies,LATAM,Consumer,Same Day,North Asia,11,4,13.213395194448422,42.15,peak_season
181,0.1,2,59.97,Furniture,APAC,Corporate,Standard Class,Caribbean,12,4,8.701599231994775,15.75,peak_season
143,0.4,3,97.33,Furniture,US,Corporate,Standard Class,Central,12,4,-6.901692050973871,-9.87,peak_season
402,0.2,4,27.59,Technology,US,Corporate,Second Class,EMEA,12,4,4.794614919175099,19.27,peak_season
562,0.0,3,44.07,Office Supplies,LATAM,Home Office,Standard Class,Oceania,11,4,17.044086979725915,95.79,peak_season
519,0.0,4,123.91,Furniture,APAC,Corporate,First Class,North,11,4,8.538923155980424,44.32,peak_season
125,0.0,1,40.17,Office Supplies,EMEA,Home Office,Standard Class,EMEA,10,4,17.26419989420343,21.58,peak_season
192,0.47,7,175.44,Technology,APAC,Corporate,Standard Class,EMEA,11,4,-9.601728042039698,-18.44,peak_season
321,0.6,3,58.78,Office Supplies,US,Consumer,Standard Class,Africa,10,4,-19.580885153519354,-62.85,peak_season
537,0.27,6,0.0,Technology,Africa,Consumer,Standard Class,Africa,10,4,-0.1367162161061879,-0.73,peak_season
168,0.0,4,69.54,Office Supplies,EU,Consumer,First Class,Central,12,4,10.016749753298482,16.83,peak_season
212,0.1,5,48.21,Furniture,LATAM,Corporate,First Class,North,11,4,7.5097561942485145,15.92,peak_season
101,0.47,5,100.27,Furniture,US,Consumer,Standard Class,Africa,12,4,-22.390209457438363,-22.61,peak_season
94,0.0,4,64.95,Office Supplies,EMEA,Home Office,Standard Class,Africa,12,4,14.047948523272396,13.21,peak_season
472,0.0,5,18.44,Office Supplies,EU,Corporate,First Class,Central,12,4,17.82354559925991,84.13,peak_season
729,0.1,7,0.0,Furniture,Africa,Corporate,First Class,West,10,4,6.575693207619108,47.94,peak_season
232,0.2,4,14.4,Office Supplies,APAC,Consumer,Standard Class,Central,12,4,8.84502793436944,20.52,peak_season
550,0.6,5,0.0,Furniture,EU,Consumer,Standard Class,EMEA,12,4,-20.92467254225468,-115.09,peak_season
329,0.0,3,0.0,Office Supplies,US,Consumer,Standard Class,Southeast Asia,12,4,13.03830483502327,42.9,peak_season
147,0.4,7,60.1,Office Supplies,EMEA,Consumer,First Class,Africa,12,4,-8.918059860445684,-13.11,peak_season
329,0.0,2,122.06,Office Supplies,APAC,Consumer,Standard Class,South,12,4,14.857887892366692,48.88,peak_season
843,0.0,8,48.99,Office Supplies,US,Corporate,Standard Class,Oceania,12,4,10.253469709961617,86.44,peak_season
239,0.0,3,0.0,Technology,EU,Home Office,Second Class,Africa,11,4,15.17880325054694,36.28,peak_season
861,0.6,1,51.85,Office Supplies,LATAM,Home Office,Standard Class,Southeast Asia,12,4,-22.682282720939583,-195.29,peak_season
30,0.1,4,94.94,Office Supplies,APAC,Corporate,Standard Class,West,10,4,2.8913384914321902,0.87,peak_season
475,0.0,2,0.0,Office Supplies,EMEA,Consumer,Standard Class,Africa,12,4,15.142480404754929,71.93,peak_season
264,0.0,5,18.7,Office Supplies,APAC,Home Office,Standard Class,North,10,4,14.252784466040877,37.63,peak_season
194,0.7,2,27.22,Furniture,LATAM,Home Office,Standard Class,Central,11,4,-35.018681703934725,-67.94,peak_season
265,0.0,2,0.0,Furniture,LATAM,Consumer,Standard Class,South,12,4,13.212638595831997,35.01,peak_season
50,0.6,1,63.52,Office Supplies,EMEA,Corporate,Standard Class,EMEA,12,4,-18.85238176592712,-9.43,peak_season
206,0.0,2,19.45,Furniture,US,Consumer,Standard Class,Africa,11,4,12.681103436594666,26.12,peak_season
328,0.0,1,50.41,Technology,US,Corporate,First Class,North,11,4,17.02779547437309,55.85,peak_season
804,0.0,1,0.0,Office Supplies,LATAM,Home Office,Second Class,South,12,4,16.774326455255565,134.87,peak_season
162,0.0,5,1.31,Furniture,US,Consumer,Standard Class,Central,11,4,14.040661081430073,22.75,peak_season
129,0.4,5,67.77,Office Supplies,EU,Home Office,Standard Class,North,12,4,-8.077789290840935,-10.42,peak_season
165,0.0,4,5.01,Office Supplies,EMEA,Corporate,Standard Class,South,10,4,12.526163248695717,20.67,peak_season
512,0.0,1,125.33,Furniture,Africa,Home Office,Standard Class,West,12,4,12.829802296533542,65.69,peak_season
320,0.5,3,3.48,Office Supplies,APAC,Consumer,Standard Class,Central,12,4,-11.413558047523562,-36.52,peak_season
161,0.0,3,39.25,Furniture,US,Home Office,Second Class,Africa,10,4,10.21011282416481,16.44,peak_season
371,0.0,1,79.81,Furniture,APAC,Consumer,Standard Class,Central Asia,11,4,18.293818017397292,67.87,peak_season
266,0.5,7,0.0,Office Supplies,EU,Consumer,Standard Class,Central,10,4,-16.576892801956152,-44.09,peak_season
535,0.2,5,0.0,Furniture,LATAM,Consumer,Standard Class,North,12,4,0.09722104002040866,0.52,peak_season
140,0.0,3,0.0,Office Supplies,LATAM,Home Office,Second Class,Central,12,4,12.982543211980992,18.18,peak_season
189,0.15,4,98.72,Office Supplies,LATAM,Corporate,Standard Class,Africa,12,4,6.669812507760783,12.61,peak_season
180,0.2,4,0.0,Technology,US,Home Office,Second Class,Africa,10,4,0.7733349220941745,1.39,peak_season
76,0.0,1,172.95,Furniture,LATAM,Home Office,Standard Class,EMEA,11,4,10.361874603549836,7.88,peak_season
312,0.0,3,0.0,Office Supplies,US,Consumer,First Class,North,10,4,11.723636398954298,36.58,peak_season
303,0.4,2,36.95,Office Supplies,LATAM,Consumer,First Class,North Asia,11,4,-8.593984956323128,-26.04,peak_season
247,0.2,1,114.73,Technology,APAC,Consumer,Standard Class,Central,12,4,8.983342126526722,22.19,peak_season
204,0.0,3,141.32,Technology,US,Consumer,Standard Class,Central,12,4,19.938018561343654,40.67,peak_season
79,0.5,8,144.49,Technology,LATAM,Consumer,Standard Class,East,12,4,-19.114978082576677,-15.1,peak_season
176,0.4,5,95.61,Office Supplies,EU,Consumer,Standard Class,Africa,11,4,-2.873791041216359,-5.06,peak_season
187,0.0,2,85.05,Office Supplies,US,Consumer,Second Class,North Asia,12,4,15.885839821862605,29.71,peak_season
129,0.0,5,60.33,Office Supplies,LATAM,Consumer,First Class,Africa,12,4,12.670502578520999,16.34,peak_season
216,0.0,7,70.97,Technology,APAC,Consumer,Second Class,Southeast Asia,12,4,18.471383756972823,39.9,peak_season
340,0.4,6,0.0,Office Supplies,LATAM,Consumer,First Class,EMEA,12,4,-8.471430532491922,-28.8,peak_season
1114,0.0,4,0.0,Office Supplies,Africa,Home Office,Standard Class,West,11,4,12.99945384914531,144.81,peak_season
283,0.2,2,26.18,Furniture,US,Corporate,Standard Class,North Asia,10,4,0.5937500020262265,1.68,peak_season
302,0.4,5,16.62,Office Supplies,US,Home Office,Second Class,Africa,12,4,-10.822416862860923,-32.68,peak_season
232,0.7,4,0.41,Furniture,US,Consumer,Standard Class,Central,10,4,-31.21308597807007,-72.41,peak_season
53,0.0,6,66.28,Technology,APAC,Consumer,Second Class,South,11,4,15.941162592734747,8.45,peak_season
241,0.6,5,81.11,Furniture,EU,Corporate,Standard Class,Central,12,4,-28.29801386921896,-68.2,peak_season
258,0.0,6,31.44,Office Supplies,US,Consumer,Standard Class,South,12,4,15.437509410646152,39.83,peak_season
1768,0.7,2,111.03,Office Supplies,APAC,Consumer,Same Day,South,12,4,-25.244101690450986,-446.32,peak_season
211,0.0,6,0.0,Technology,LATAM,Consumer,Standard Class,Africa,10,4,19.544650788229117,41.24,peak_season
313,0.0,4,15.28,Furniture,LATAM,Consumer,Same Day,Africa,11,4,14.459775757905703,45.26,peak_season
239,0.4,8,0.0,Technology,EU,Consumer,Same Day,EMEA,12,4,-5.026979369955395,-12.01,peak_season
96,0.0,2,0.0,Office Supplies,Africa,Consumer,Second Class,Africa,12,4,13.40182350534929,12.87,peak_season
614,0.0,7,21.64,Technology,APAC,Corporate,Second Class,Central,12,4,20.518991593293567,125.99,peak_season
449,0.1,4,19.4,Technology,EU,Consumer,Standard Class,Central,12,4,7.927447380474195,35.59,peak_season
464,0.1,2,113.09,Technology,APAC,Consumer,First Class,Central,12,4,9.29798585246256,43.14,peak_season
119,0.2,2,62.52,Technology,Africa,Corporate,Standard Class,North,12,4,3.1073997857302658,3.7,peak_season
757,0.1,3,0.0,Furniture,APAC,Consumer,Standard Class,Central,10,4,9.240168177417932,69.95,peak_season
80,0.0,4,132.61,Technology,LATAM,Consumer,Second Class,South,12,4,20.828365542420226,16.66,peak_season
394,0.0,5,96.34,Office Supplies,US,Home Office,Standard Class,EMEA,12,4,16.461915711134985,64.86,peak_season
1421,0.0,2,59.73,Office Supplies,US,Consumer,Standard Class,Southeast Asia,12,4,18.215789595635393,258.85,peak_season
111,0.0,3,13.4,Office Supplies,EU,Consumer,Standard Class,Central,11,4,12.362151652764036,13.72,peak_season
156,0.5,8,0.0,Office Supplies,LATAM,Consumer,Standard Class,Oceania,12,4,-13.954214640417058,-21.77,peak_season
266,0.2,7,5.05,Office Supplies,LATAM,Consumer,First Class,Oceania,11,4,2.6244767148505073,6.98,peak_season
164,0.0,4,88.76,Office Supplies,LATAM,Corporate,Standard Class,Southeast Asia,12,4,17.54064631165474,28.77,peak_season
71,0.0,4,134.36,Office Supplies,APAC,Corporate,First Class,Central Asia,10,4,14.654327302343408,10.4,peak_season
260,0.15,4,114.8,Office Supplies,EU,Consumer,Second Class,Central,12,4,4.8451713347697565,12.6,peak_season
105,0.0,5,0.0,Furniture,LATAM,Corporate,First Class,Central,10,4,13.622725555682969,14.3,peak_season
360,0.2,1,0.0,Furniture,LATAM,Consumer,Standard Class,North Asia,10,4,2.6285075015736985,9.46,peak_season
118,0.0,3,34.45,Office Supplies,US,Consumer,Second Class,North,11,4,12.994964415459595,15.33,peak_season
851,0.2,1,0.0,Furniture,Africa,Corporate,Standard Class,Africa,12,4,-0.1832270140571283,-1.56,peak_season
131,0.0,4,44.89,Office Supplies,EU,Consumer,First Class,Oceania,11,4,11.824678099075042,15.49,peak_season
190,0.7,5,17.92,Office Supplies,APAC,Consumer,Standard Class,Oceania,11,4,-34.49418305247882,-65.54,peak_season
472,0.47,2,0.0,Office Supplies,APAC,Consumer,First Class,Central Asia,12,4,-12.598621105758813,-59.47,peak_season
92,0.0,7,0.0,Office Supplies,Africa,Consumer,Same Day,Canada,11,4,16.826716068763897,15.48,peak_season
295,0.1,1,55.8,Technology,LATAM,Consumer,Standard Class,West,12,4,12.786200427260177,37.72,peak_season
701,0.17,1,0.0,Technology,APAC,Home Office,Standard Class,South,12,4,1.9513148467368975,13.68,peak_season
68,0.1,4,0.0,Office Supplies,EU,Consumer,Second Class,North Asia,12,4,7.947451709770577,5.4,peak_season
285,0.0,6,0.0,Office Supplies,US,Consumer,Standard Class,Central,11,4,8.344956719846756,23.78,peak_season
303,0.2,7,24.8,Office Supplies,US,Consumer,First Class,South,12,4,7.109103322962554,21.54,peak_season
460,0.2,2,127.92,Office Supplies,LATAM,Corporate,Standard Class,North Asia,10,4,-0.2581637463542581,-1.19,peak_season
91,0.0,6,121.56,Office Supplies,APAC,Corporate,Standard Class,South,11,4,18.76621082837969,17.08,peak_season
85,0.1,3,0.19,Office Supplies,Africa,Corporate,Same Day,South,11,4,11.837608931052436,10.06,peak_season
374,0.47,3,0.0,Technology,LATAM,Corporate,Second Class,Central,12,4,-12.901771057608183,-48.25,peak_season
312,0.47,5,53.24,Furniture,US,Home Office,First Class,East,10,4,-19.598354853803233,-61.15,peak_season
301,0.0,5,0.0,Office Supplies,US,Consumer,Standard Class,North,12,4,16.051110649159014,48.31,peak_season
325,0.0,1,43.67,Furniture,EU,Corporate,Second Class,Oceania,12,4,9.467027888450787,30.77,peak_season
143,0.25,7,70.27,Office Supplies,LATAM,Home Office,Standard Class,South,11,4,0.3074539264746226,0.44,peak_season
296,0.6,7,96.68,Office Supplies,LATAM,Home Office,Second Class,Southeast Asia,10,4,-22.448482772420753,-66.45,peak_season
311,0.0,2,20.64,Office Supplies,EU,Home Office,Second Class,Southeast Asia,12,4,9.6565247566031,30.03,peak_season
139,0.17,4,14.71,Technology,EMEA,Consumer,Standard Class,South,12,4,1.1085959426266214,1.54,peak_season
1096,0.7,5,0.0,Furniture,Africa,Consumer,Standard Class,EMEA,12,4,-29.319947254516208,-321.35,peak_season
360,0.0,4,0.0,Office Supplies,APAC,Consumer,Standard Class,Central,11,4,13.315326761008123,47.94,peak_season
95,0.2,2,13.4,Office Supplies,APAC,Corporate,Second Class,Caribbean,11,4,1.3407305492576032,1.27,peak_season
416,0.0,2,47.42,Technology,Africa,Consumer,Standard Class,Oceania,11,4,20.087591517281357,83.56,peak_season
113,0.0,3,78.72,Office Supplies,US,Consumer,Second Class,Central Asia,10,4,18.520326829897336,20.93,peak_season
462,0.0,6,0.0,Furniture,EMEA,Home Office,Standard Class,South,10,4,11.182365835914572,51.66,peak_season
622,0.4,5,111.9,Office Supplies,APAC,Consumer,Second Class,Southeast Asia,12,4,-10.021796120729585,-62.34,peak_season
127,0.0,3,10.84,Office Supplies,EU,Home Office,Second Class,Southeast Asia,11,4,16.500429099341652,20.96,peak_season
532,0.0,5,25.15,Office Supplies,US,Consumer,Standard Class,Oceania,10,4,10.929193290901274,58.14,peak_season
342,0.0,1,0.0,Technology,US,Consumer,Standard Class,Caribbean,12,4,18.66945916424309,63.85,peak_season
475,0.0,6,0.0,Office Supplies,LATAM,Consumer,Standard Class,EMEA,12,4,16.655657915466463,79.11,peak_season
1124,0.17,1,77.03,Technology,APAC,Corporate,Second Class,Central,10,4,9.840690625252886,110.61,peak_season
202,0.0,3,68.59,Office Supplies,EU,Consumer,First Class,Oceania,12,4,9.189741892492606,18.56,peak_season
134,0.0,1,10.26,Technology,LATAM,Consumer,Standard Class,West,10,4,15.715934190573178,21.06,peak_season
120,0.1,1,30.21,Furniture,EU,Home Office,Second Class,Africa,10,4,3.3652102415296,4.04,peak_season
128,0.0,6,55.94,Technology,Africa,Consumer,Standard Class,Central,10,4,18.29966086322764,23.42,peak_season
231,0.0,2,0.0,Office Supplies,LATAM,Corporate,Standard Class,North,12,4,16.44223373930395,37.98,peak_season
323,0.0,4,0.0,Office Supplies,EMEA,Corporate,First Class,South,10,4,19.490131222337943,62.95,peak_season
307,0.0,3,71.88,Office Supplies,APAC,Consumer,Standard Class,EMEA,10,4,13.515103558895781,41.49,peak_season
477,0.0,5,0.0,Technology,US,Corporate,Standard Class,Oceania,11,4,16.507282505072357,78.74,peak_season
249,0.0,4,43.2,Office Supplies,Africa,Consumer,Standard Class,West,12,4,18.44901605663624,45.94,peak_season
788,0.0,1,0.0,Office Supplies,APAC,Corporate,Standard Class,South,11,4,15.889730815590916,125.21,peak_season
199,0.17,6,53.1,Office Supplies,APAC,Consumer,Standard Class,EMEA,11,4,8.60295453356392,17.12,peak_season
2172,0.0,2,24.33,Office Supplies,EU,Corporate,Standard Class,South,10,4,15.866184009029508,344.61,peak_season
406,0.2,1,0.0,Technology,APAC,Consumer,Second Class,Central,11,4,2.5286501438601876,10.27,peak_season
124,0.2,3,93.11,Office Supplies,US,Corporate,Standard Class,Southeast Asia,12,4,-0.9993850643334197,-1.24,peak_season
104,0.0,7,0.0,Technology,Africa,Consumer,Standard Class,North Asia,12,4,13.345463252823212,13.88,peak_season
362,0.1,5,0.0,Office Supplies,EU,Consumer,Standard Class,EMEA,11,4,10.98615550427542,39.77,peak_season
206,0.0,3,37.87,Office Supplies,LATAM,Consumer,Standard Class,West,11,4,18.565790469261024,38.25,peak_season
436,0.27,3,92.19,Office Supplies,EU,Consumer,Second Class,North Asia,10,4,4.34808642415914,18.96,peak_season
359,0.0,3,0.0,Office Supplies,US,Home Office,Same Day,East,11,4,17.52931599696972,62.93,peak_season
232,0.0,8,29.91,Office Supplies,APAC,Consumer,Standard Class,Central,10,4,18.48851573260496,42.89,peak_season
125,0.0,4,50.95,Technology,EU,Home Office,First Class,Central Asia,12,4,16.259951002038946,20.32,peak_season
73,0.37,4,66.09,Office Supplies,US,Home Office,Standard Class,EMEA,12,4,-10.66924745023157,-7.79,peak_season
172,0.0,6,36.49,Furniture,US,Corporate,Standard Class,South,12,4,14.55023799725266,25.03,peak_season
489,0.2,4,5.35,Office Supplies,LATAM,Consumer,Standard Class,Central,12,4,4.253042256718202,20.8,peak_season
292,0.0,3,0.0,Office Supplies,US,Consumer,Standard Class,North,12,4,15.322333123022677,44.74,peak_season
90,0.4,3,31.31,Technology,APAC,Corporate,Standard Class,Central,12,4,-4.83788555810103,-4.35,peak_season
283,0.0,3,0.0,Office Supplies,APAC,Consumer,Second Class,South,11,4,15.969556447374618,45.19,peak_season
335,0.5,3,0.0,Office Supplies,EMEA,Consumer,Standard Class,South,12,4,-11.148549420439316,-37.35,peak_season
121,0.0,5,51.39,Office Supplies,US,Corporate,First Class,Southeast Asia,11,4,18.88495675445087,22.85,peak_season
278,0.0,4,78.17,Office Supplies,APAC,Home Office,Standard Class,North Asia,11,4,16.632661057021043,46.24,peak_season
258,0.0,5,0.0,Furniture,LATAM,Corporate,Standard Class,South,12,4,14.537408617688785,37.51,peak_season
98,0.0,3,0.0,Office Supplies,APAC,Consumer,Second Class,East,11,4,16.542187657274326,16.21,peak_season
328,0.0,4,61.85,Technology,LATAM,Corporate,Standard Class,East,11,4,16.61649080389614,54.5,peak_season
386,0.0,1,144.26,Furniture,LATAM,Consumer,Standard Class,Southeast Asia,12,4,14.26969402473942,55.08,peak_season
586,0.4,6,27.57,Office Supplies,APAC,Consumer,Second Class,Central,10,4,-13.183485206577785,-77.26,peak_season
572,0.0,4,0.0,Furniture,EU,Home Office,First Class,Oceania,11,4,15.16167465688765,86.72,peak_season
81,0.0,6,15.9,Office Supplies,US,Consumer,Second Class,Central Asia,12,4,11.416431180701895,9.25,peak_season
116,0.0,1,105.15,Furniture,EU,Consumer,Second Class,Oceania,12,4,12.857409860384198,14.91,peak_season
372,0.0,8,0.0,Office Supplies,US,Consumer,Second Class,South,12,4,12.464538124721523,46.37,peak_season
371,0.0,3,0.0,Technology,APAC,Home Office,First Class,North,11,4,19.66016694922328,72.94,peak_season
372,0.0,6,0.0,Office Supplies,Africa,Corporate,Standard Class,Oceania,11,4,14.898224322216274,55.42,peak_season
5375,0.0,1,0.0,Office Supplies,EMEA,Corporate,Standard Class,North,12,4,10.215732125510003,549.1,peak_season
389,0.7,5,33.4,Technology,EMEA,Corporate,Standard Class,Central,12,4,-22.737901106944562,-88.45,peak_season
611,0.15,1,119.46,Technology,EMEA,Consumer,Standard Class,South,12,4,7.2662376695018684,44.4,peak_season
528,0.0,2,44.89,Office Supplies,Africa,Consumer,Second Class,Southeast Asia,10,4,17.643440162440108,93.16,peak_season
415,0.0,8,11.92,Office Supplies,EU,Consumer,Second Class,East,10,4,15.003977066203221,62.27,peak_season
191,0.2,3,9.66,Technology,APAC,Consumer,Standard Class,Central,12,4,7.186262956164114,13.73,peak_season
452,0.0,4,0.0,Technology,US,Consumer,Standard Class,Central Asia,11,4,15.127293134954364,68.38,peak_season
132,0.0,5,76.98,Furniture,US,Home Office,Second Class,South,12,4,10.232003305717914,13.51,peak_season
203,0.0,5,21.92,Technology,US,Consumer,Standard Class,Oceania,10,4,16.624084091696748,33.75,peak_season
167,0.1,4,16.03,Furniture,EU,Consumer,Second Class,West,12,4,8.570107440727668,14.31,peak_season
263,0.2,4,209.33,Technology,APAC,Consumer,Standard Class,Southeast Asia,12,4,11.032131263416467,29.01,peak_season
1570,0.0,9,43.49,Office Supplies,LATAM,Consumer,Standard Class,Central Asia,12,4,12.584484744771371,197.58,peak_season
55,0.0,3,0.0,Office Supplies,Africa,Home Office,Standard Class,South,10,4,18.23054443397304,10.03,peak_season
426,0.0,4,1.95,Technology,EU,Consumer,Standard Class,East,12,4,11.490967746822893,48.95,peak_season
67,0.1,6,92.18,Technology,EU,Consumer,First Class,Central,12,4,8.417431796723132,5.64,peak_season
168,0.0,6,32.87,Office Supplies,LATAM,Corporate,First Class,West,11,4,12.123664631439675,20.37,peak_season
589,0.0,6,0.0,Office Supplies,LATAM,Consumer,Second Class,West,12,4,10.942473931677833,64.45,peak_season
259,0.4,5,79.04,Furniture,EMEA,Consumer,Standard Class,Oceania,12,4,-16.75076516936274,-43.38,peak_season
104,0.0,1,0.0,Office Supplies,US,Consumer,Standard Class,South,12,4,16.23899673641339,16.89,peak_season
139,0.2,7,133.71,Office Supplies,US,Corporate,Second Class,East,12,4,2.3577969068164157,3.28,peak_season
424,0.0,1,88.26,Office Supplies,EU,Home Office,Second Class,Central,10,4,16.138216192815328,68.43,peak_season
137,0.0,4,0.75,Office Supplies,US,Corporate,Standard Class,Central,11,4,17.07141805836454,23.39,peak_season
293,0.0,2,99.77,Office Supplies,LATAM,Consumer,Standard Class,West,11,4,15.7968509795176,46.28,peak_season
255,0.1,3,30.26,Office Supplies,US,Home Office,Second Class,North,12,4,10.97328952845112,27.98,peak_season
146,0.7,4,75.24,Office Supplies,EU,Consumer,Standard Class,East,12,4,-27.208596858726807,-39.72,peak_season
1369,0.6,4,54.15,Technology,EU,Consumer,Standard Class,EMEA,12,4,-21.560980164917233,-295.17,peak_season
409,0.0,4,0.0,Office Supplies,US,Consumer,Standard Class,Central,11,4,18.17344254246239,74.33,peak_season
48,0.1,7,0.0,Furniture,Africa,Consumer,Standard Class,East,10,4,4.232663601656619,2.03,peak_season
286,0.0,5,85.39,Furniture,APAC,Consumer,First Class,Africa,12,4,9.193211103712722,26.29,peak_season
145,0.0,3,7.19,Office Supplies,EMEA,Corporate,Same Day,Central,11,4,14.466246372586806,20.98,peak_season
487,0.5,6,3.25,Technology,LATAM,Home Office,Standard Class,West,11,4,-14.738432757889539,-71.78,peak_season
130,0.0,6,0.0,Office Supplies,EU,Consumer,Standard Class,North,12,4,13.747708854031703,17.87,peak_season
224,0.0,1,50.65,Furniture,APAC,Consumer,Standard Class,Africa,10,4,13.0321617646904,29.19,peak_season
369,0.0,5,144.55,Office Supplies,LATAM,Consumer,Standard Class,North,11,4,16.04502521773838,59.21,peak_season
492,0.0,5,0.0,Technology,EU,Consumer,Standard Class,East,11,4,15.306509800723113,75.31,peak_season
94,0.0,3,27.76,Office Supplies,APAC,Corporate,Second Class,East,10,4,13.536883881153766,12.72,peak_season
188,0.2,7,107.29,Office Supplies,EU,Consumer,Standard Class,West,12,4,6.222999014310731,11.7,peak_season
168,0.0,3,21.81,Office Supplies,Africa,Home Office,Standard Class,Central,11,4,16.489200353201824,27.7,peak_season
146,0.5,4,52.3,Technology,APAC,Consumer,Standard Class,East,10,4,-5.774804881954375,-8.43,peak_season
1012,0.6,3,0.0,Technology,US,Consumer,Standard Class,Oceania,11,4,-14.459615478775417,-146.33,peak_season
340,0.0,4,50.92,Office Supplies,LATAM,Consumer,Standard Class,West,12,4,18.432879205679818,62.67,peak_season
89,0.0,1,15.65,Technology,US,Consumer,Standard Class,EMEA,11,4,13.836394348632595,12.31,peak_season
513,0.0,1,82.86,Office Supplies,LATAM,Consumer,Same Day,North Asia,12,4,17.291581054900266,88.71,peak_season
1346,0.2,7,94.41,Technology,APAC,Corporate,Standard Class,West,10,4,5.840679594909268,78.62,peak_season
563,0.0,2,174.75,Office Supplies,APAC,Consumer,Standard Class,Central,10,4,13.347054589385252,75.14,peak_season
73,0.2,1,59.59,Furniture,APAC,Corporate,First Class,EMEA,11,4,0.5040460215975855,0.37,peak_season
167,0.0,1,45.04,Office Supplies,APAC,Consumer,Same Day,North Asia,12,4,17.83563460383445,29.79,peak_season
679,0.0,2,37.51,Office Supplies,US,Consumer,Standard Class,Central,12,4,16.502494773012636,112.05,peak_season
139,0.0,1,6.14,Office Supplies,EMEA,Consumer,First Class,Caribbean,10,4,12.36457859597382,17.19,peak_season
351,0.0,7,45.77,Office Supplies,EMEA,Corporate,Standard Class,Oceania,12,4,17.22737674077786,60.47,peak_season
458,0.15,6,9.45,Office Supplies,US,Consumer,Standard Class,Oceania,12,4,4.087237373772108,18.72,peak_season
117,0.4,2,36.03,Office Supplies,APAC,Corporate,Standard Class,South,11,4,-8.34995064310714,-9.77,peak_season
235,0.0,9,101.87,Furniture,LATAM,Consumer,Second Class,South,12,4,11.089949797568597,26.06,peak_season
18,0.7,6,0.0,Office Supplies,LATAM,Corporate,Second Class,Central Asia,10,4,-27.656598755206875,-4.98,peak_season
108,0.0,3,91.69,Office Supplies,LATAM,Consumer,Standard Class,South,12,4,17.29872892512153,18.68,peak_season
201,0.5,1,101.84,Office Supplies,EU,Corporate,Standard Class,Southeast Asia,12,4,-18.120581159447696,-36.42,peak_season
90,0.4,9,19.61,Office Supplies,EU,Corporate,Second Class,EMEA,12,4,-3.164414777169201,-2.85,peak_season
909,0.0,1,0.0,Office Supplies,LATAM,Home Office,Standard Class,Central,12,4,9.536741792116512,86.69,peak_season
78,0.0,1,0.0,Office Supplies,LATAM,Consumer,Standard Class,Central,11,4,13.206996950235428,10.3,peak_season
173,0.0,6,100.69,Office Supplies,EMEA,Consumer,Second Class,Africa,12,4,16.11063566982522,27.87,peak_season
273,0.0,9,25.07,Office Supplies,US,Consumer,Second Class,Caribbean,11,4,16.75294249930593,45.74,peak_season
780,0.2,7,0.0,Office Supplies,LATAM,Home Office,Second Class,EMEA,11,4,2.6985728382848846,21.05,peak_season
78,0.0,5,0.0,Office Supplies,Africa,Corporate,First Class,EMEA,12,4,14.827827890995373,11.57,peak_season
625,0.0,5,74.54,Office Supplies,Africa,Corporate,Standard Class,South,12,4,16.23165025598285,101.45,peak_season
248,0.6,5,57.7,Office Supplies,LATAM,Consumer,Second Class,North,12,4,-21.69320843237304,-53.8,peak_season
112,0.8,5,12.69,Furniture,LATAM,Consumer,Second Class,EMEA,11,4,-31.820456226195283,-35.64,peak_season
356,0.0,4,5.36,Office Supplies,EU,Consumer,Standard Class,North Asia,12,4,17.518047342694807,62.36,peak_season
289,0.0,4,3.93,Technology,Africa,Home Office,Standard Class,North,12,4,20.618473053016903,59.59,peak_season
152,0.0,3,0.0,Office Supplies,EMEA,Corporate,Standard Class,North,10,4,12.101529829888749,18.39,peak_season
260,0.0,2,118.93,Technology,APAC,Home Office,Standard Class,Central,11,4,17.76183472678289,46.18,peak_season
181,0.17,3,7.91,Technology,LATAM,Consumer,Second Class,Caribbean,11,4,6.898602153837888,12.49,peak_season
269,0.0,1,96.12,Office Supplies,EU,Corporate,First Class,South,11,4,11.983195872931603,32.23,peak_season
418,0.2,3,113.54,Furniture,EU,Corporate,Standard Class,Central,12,4,1.0804925518373008,4.52,peak_season
876,0.0,1,83.58,Office Supplies,APAC,Consumer,Standard Class,Oceania,12,4,13.38706272666055,117.27,peak_season
91,0.0,1,1.65,Office Supplies,EMEA,Home Office,Same Day,Africa,12,4,16.966211489550712,15.44,peak_season
1358,0.2,4,49.51,Technology,US,Home Office,Standard Class,EMEA,12,4,2.7894253113170047,37.88,peak_season
51,0.6,7,24.99,Technology,EMEA,Home Office,Standard Class,EMEA,11,4,-12.842878161474538,-6.55,peak_season
218,0.0,6,0.0,Office Supplies,EMEA,Corporate,Standard Class,Southeast Asia,12,4,12.311002024223814,26.84,peak_season
394,0.0,1,44.96,Office Supplies,US,Consumer,Standard Class,Central,11,4,15.657907011601308,61.69,peak_season
308,0.0,1,0.0,Office Supplies,EU,Consumer,Standard Class,East,12,4,17.3755779311642,53.52,peak_season
149,0.5,6,94.43,Office Supplies,US,Home Office,Standard Class,Oceania,10,4,-16.711921290600337,-24.9,peak_season
208,0.7,1,0.0,Technology,APAC,Consumer,Standard Class,EMEA,12,4,-21.442594069701148,-44.6,peak_season
166,0.2,3,37.9,Office Supplies,US,Corporate,Standard Class,North,11,4,-0.6875507934012486,-1.14,peak_season
153,0.2,5,42.61,Office Supplies,APAC,Corporate,Standard Class,South,11,4,7.356353097547681,11.26,peak_season
486,0.1,1,11.54,Office Supplies,US,Corporate,Standard Class,West,12,4,9.042447794897274,43.95,peak_season
327,0.0,4,59.99,Office Supplies,LATAM,Home Office,Second Class,North,11,4,13.21076577609336,43.2,peak_season
141,0.17,1,0.0,Office Supplies,APAC,Consumer,First Class,South,12,4,3.9024546827176954,5.5,peak_season
506,0.0,2,76.3,Technology,APAC,Consumer,Standard Class,Africa,11,4,20.42675780817816,103.36,peak_season
315,0.0,4,0.0,Furniture,APAC,Consumer,Standard Class,Canada,12,4,10.246634124448686,32.28,peak_season
472,0.0,1,33.62,Furniture,US,Consumer,Second Class,EMEA,11,4,9.751926931731667,46.03,peak_season
407,0.0,4,137.47,Office Supplies,US,Consumer,Standard Class,Central Asia,10,4,14.335390207248786,58.35,peak_season
126,0.0,3,0.0,Furniture,EU,Consumer,Standard Class,South,11,4,8.469113661690095,10.67,peak_season
157,0.1,5,0.0,Technology,APAC,Home Office,Second Class,Central,11,4,17.461631723825448,27.41,peak_season
448,0.0,4,55.82,Technology,APAC,Home Office,First Class,Central,10,4,16.30081622635583,73.03,peak_season
401,0.2,7,36.67,Office Supplies,APAC,Consumer,First Class,EMEA,11,4,5.4948503585412105,22.03,peak_season
242,0.0,4,46.47,Office Supplies,APAC,Consumer,Standard Class,South,11,4,15.628410250943318,37.82,peak_season
270,0.0,2,54.4,Office Supplies,EMEA,Home Office,Second Class,Central,10,4,12.046397848554095,32.53,peak_season
685,0.0,4,62.74,Office Supplies,LATAM,Consumer,Standard Class,North Asia,12,4,14.982135872361813,102.63,peak_season
153,0.0,5,89.96,Office Supplies,LATAM,Consumer,Second Class,East,12,4,17.352008337932244,26.55,peak_season
381,0.1,4,49.86,Office Supplies,APAC,Consumer,Standard Class,West,10,4,8.43521599474108,32.14,peak_season
209,0.0,4,12.55,Office Supplies,LATAM,Corporate,Standard Class,Central,12,4,18.579338837553085,38.83,peak_season
207,0.2,2,64.91,Technology,EU,Consumer,Second Class,Central,12,4,9.06454617834559,18.76,peak_season
593,0.0,2,135.23,Office Supplies,EU,Home Office,Standard Class,Central,11,4,17.756744563974987,105.3,peak_season
477,0.1,1,18.78,Office Supplies,LATAM,Consumer,Standard Class,West,12,4,7.621029683181009,36.35,peak_season
472,0.47,7,0.0,Furniture,APAC,Consumer,First Class,Central Asia,11,4,-19.43952734334446,-91.75,peak_season
700,0.1,1,89.81,Furniture,LATAM,Consumer,Standard Class,EMEA,12,4,4.159237183911617,29.11,peak_season
250,0.0,2,19.48,Technology,LATAM,Consumer,Standard Class,Central,10,4,18.58872282200016,46.47,peak_season
425,0.0,2,0.0,Furniture,LATAM,Corporate,Standard Class,North,12,4,13.637360140597067,57.96,peak_season
192,0.0,6,74.93,Office Supplies,Africa,Corporate,Second Class,EMEA,12,4,8.485285785718657,16.29,peak_season
319,0.2,3,0.0,Furniture,US,Corporate,Second Class,EMEA,10,4,-0.02433960483525087,-0.08,peak_season
222,0.0,6,21.19,Office Supplies,EU,Corporate,Standard Class,Africa,11,4,15.474267675969553,34.35,peak_season
266,0.0,2,45.4,Office Supplies,EU,Home Office,Second Class,West,12,4,14.167367231053346,37.69,peak_season
396,0.2,4,37.29,Office Supplies,EU,Corporate,Standard Class,Central,11,4,6.873821517047636,27.22,peak_season
128,0.0,2,67.03,Office Supplies,EU,Corporate,Second Class,Central,12,4,16.265340222752613,20.82,peak_season
1314,0.4,8,1.42,Office Supplies,US,Consumer,Standard Class,Canada,12,4,-5.069424275757309,-66.61,peak_season
110,0.0,1,55.78,Technology,US,Consumer,Standard Class,South,12,4,17.352118438949304,19.09,peak_season
93,0.0,4,11.5,Technology,APAC,Consumer,First Class,Central,12,4,20.812432477520776,19.36,peak_season
622,0.1,5,68.71,Office Supplies,EU,Corporate,Standard Class,Central,12,4,13.905199183582559,86.49,peak_season
464,0.0,4,61.63,Office Supplies,LATAM,Consumer,Standard Class,Central,12,4,18.935080347817983,87.86,peak_season
406,0.1,3,0.0,Furniture,EMEA,Consumer,Standard Class,EMEA,11,4,2.723575219713801,11.06,peak_season
407,0.0,3,88.6,Technology,US,Home Office,Same Day,Southeast Asia,11,4,17.238971767372856,70.16,peak_season
244,0.0,4,0.0,Office Supplies,EU,Home Office,Standard Class,South,11,4,13.964505883650611,34.07,peak_season
120,0.6,3,72.67,Technology,APAC,Home Office,Standard Class,EMEA,12,4,-16.53223639477102,-19.84,peak_season
261,0.4,6,47.42,Office Supplies,EU,Consumer,Standard Class,Oceania,12,4,-6.940939334956401,-18.12,peak_season
143,0.1,9,131.7,Office Supplies,APAC,Corporate,Standard Class,North,10,4,6.483321977922791,9.27,peak_season
537,0.0,2,13.57,Furniture,LATAM,Consumer,Standard Class,East,12,4,12.203515541750813,65.53,peak_season
219,0.2,1,6.36,Office Supplies,APAC,Consumer,Second Class,East,11,4,-3.059781996468409,-6.7,peak_season
127,0.0,3,25.26,Office Supplies,US,Consumer,Same Day,Central,10,4,19.32583501740567,24.54,peak_season
190,0.0,9,9.0,Furniture,APAC,Consumer,Standard Class,Southeast Asia,12,4,10.46287727796992,19.88,peak_season
342,0.17,2,72.21,Technology,LATAM,Consumer,Standard Class,North,11,4,7.96759181953349,27.25,peak_season
157,0.0,7,0.0,Office Supplies,EMEA,Home Office,Standard Class,Caribbean,12,4,14.071050858035816,22.09,peak_season
127,0.002,7,0.0,Office Supplies,APAC,Consumer,Standard Class,North,11,4,18.318082725040245,23.26,peak_season
299,0.0,2,0.0,Office Supplies,EU,Corporate,First Class,Caribbean,12,4,6.487480675807863,19.4,peak_season
299,0.0,5,80.83,Technology,EU,Corporate,Standard Class,West,12,4,17.950168973022272,53.67,peak_season
164,0.0,7,124.39,Office Supplies,APAC,Consumer,Standard Class,South,10,4,14.682543727506907,24.08,peak_season
169,0.7,3,20.39,Office Supplies,US,Consumer,Second Class,Africa,12,4,-28.360909162775048,-47.93,peak_season
296,0.1,3,16.7,Furniture,APAC,Consumer,Standard Class,Caribbean,12,4,11.178679636906898,33.09,peak_season
77,0.6,2,30.39,Office Supplies,EU,Corporate,Second Class,East,11,4,-23.661988376567315,-18.22,peak_season
79,0.2,1,92.95,Office Supplies,EU,Consumer,Standard Class,Central,11,4,5.315388531706984,4.2,peak_season
138,0.1,2,0.0,Office Supplies,US,Consumer,First Class,West,12,4,10.068758366118251,13.89,peak_season
207,0.7,1,40.03,Technology,US,Consumer,First Class,South,11,4,-20.21544224239345,-41.85,peak_season
316,0.0,4,82.25,Office Supplies,LATAM,Corporate,Second Class,Central,10,4,12.998432745667484,41.08,peak_season
802,0.0,2,55.09,Office Supplies,APAC,Home Office,Same Day,EMEA,10,4,12.801093302628724,102.66,peak_season
489,0.0,4,37.24,Technology,US,Consumer,Standard Class,South,11,4,21.288209722432196,104.1,peak_season
216,0.25,1,83.73,Office Supplies,EU,Corporate,Standard Class,East,12,4,1.2759639249903312,2.76,peak_season
242,0.15,4,0.0,Office Supplies,EMEA,Corporate,Second Class,South,11,4,1.3651879599697239,3.3,peak_season
110,0.0,5,65.22,Office Supplies,EMEA,Home Office,Standard Class,East,11,4,13.38208495661019,14.72,peak_season
242,0.1,1,0.0,Office Supplies,EMEA,Home Office,Standard Class,Central,10,4,10.159147961544182,24.59,peak_season
195,0.47,4,0.0,Office Supplies,EU,Corporate,Standard Class,South,11,4,-10.686707335360232,-20.84,peak_season
319,0.0,6,55.67,Office Supplies,LATAM,Corporate,Standard Class,South,12,4,12.962308040421135,41.35,peak_season
127,0.2,1,105.08,Office Supplies,US,Home Office,Standard Class,South,11,4,-5.742767969450824,-7.29,peak_season
373,0.17,7,18.5,Office Supplies,EU,Consumer,Standard Class,Central,12,4,6.369669557211099,23.76,peak_season
840,0.0,4,80.97,Furniture,APAC,Consumer,Second Class,Central,11,4,8.339037930168072,70.05,peak_season
225,0.1,2,118.75,Furniture,EMEA,Consumer,Standard Class,Africa,10,4,-0.05201639436723404,-0.12,peak_season
339,0.0,3,101.72,Technology,EMEA,Home Office,Standard Class,South,12,4,9.503022225047577,32.22,peak_season
428,0.47,5,120.34,Furniture,EU,Corporate,Standard Class,EMEA,11,4,-13.758057419406775,-58.88,peak_season
178,0.3,4,68.9,Office Supplies,APAC,Consumer,Standard Class,EMEA,12,4,-2.6141476487851003,-4.65,peak_season
294,0.15,5,30.7,Furniture,LATAM,Corporate,First Class,North Asia,12,4,2.323030857863245,6.83,peak_season
248,0.0,1,0.0,Office Supplies,US,Consumer,Standard Class,North Asia,10,4,19.167073088888287,47.53,peak_season
266,0.7,4,12.28,Furniture,EMEA,Consumer,Standard Class,North,10,4,-28.08802595093078,-74.71,peak_season
132,0.7,1,0.0,Furniture,APAC,Home Office,First Class,South,12,4,-25.15109987183425,-33.2,peak_season
251,0.0,3,150.76,Technology,APAC,Consumer,Standard Class,Central,11,4,13.82179358349901,34.69,peak_season
367,0.6,1,16.3,Furniture,EMEA,Consumer,Standard Class,Central Asia,10,4,-24.103651871861892,-88.46,peak_season
787,0.0,2,33.44,Office Supplies,LATAM,Corporate,Standard Class,Central,10,4,10.149859875155958,79.88,peak_season
531,0.2,6,57.97,Office Supplies,EU,Corporate,First Class,South,10,4,2.3118530044335985,12.28,peak_season
1380,0.0,6,28.87,Office Supplies,Africa,Consumer,Standard Class,South,12,4,14.254152438699968,196.71,peak_season
133,0.0,5,123.5,Office Supplies,APAC,Corporate,Standard Class,South,10,4,16.879840911789213,22.45,peak_season
495,0.0,1,0.0,Office Supplies,US,Corporate,Standard Class,Central,11,4,15.136691643425696,74.93,peak_season
285,0.1,3,37.53,Technology,APAC,Consumer,Standard Class,Southeast Asia,12,4,13.870221414839747,39.53,peak_season
1421,0.0,6,0.0,Furniture,LATAM,Consumer,Standard Class,Central,11,4,14.110320399416683,200.51,peak_season
129,0.1,4,0.0,Office Supplies,US,Corporate,Standard Class,Oceania,10,4,15.464786032149426,19.95,peak_season
125,0.0,9,0.0,Technology,EU,Consumer,Standard Class,Central,12,4,17.054110034141626,21.32,peak_season
152,0.0,4,24.25,Furniture,Canada,Home Office,First Class,Central,10,4,9.176931898000863,13.95,peak_season
45,0.0,4,1.78,Furniture,EU,Home Office,Second Class,North Asia,12,4,12.738250845949226,5.73,peak_season
161,0.4,3,0.0,Furniture,LATAM,Home Office,Standard Class,Central,12,4,-14.40684008141863,-23.2,peak_season
134,0.0,4,0.0,Office Supplies,LATAM,Consumer,First Class,East,11,4,19.44588230530961,26.06,peak_season
278,0.2,3,21.61,Furniture,LATAM,Home Office,Standard Class,Africa,12,4,-0.8496541168356977,-2.36,peak_season
324,0.5,5,0.0,Technology,LATAM,Consumer,Standard Class,Central,11,4,-13.696729103621971,-44.38,peak_season
1105,0.2,6,69.92,Office Supplies,APAC,Consumer,Second Class,Central Asia,11,4,1.5860528365466462,17.53,peak_season
527,0.0,2,31.1,Office Supplies,LATAM,Consumer,First Class,South,12,4,17.155252270414923,90.41,peak_season
155,0.0,1,0.0,Technology,EU,Consumer,Second Class,East,12,4,17.526759050305543,27.17,peak_season
120,0.7,1,8.66,Office Supplies,US,Corporate,Standard Class,Central,11,4,-28.925000460391146,-34.71,peak_season
365,0.0,5,0.0,Technology,US,Consumer,First Class,East,12,4,22.996055752870593,83.94,peak_season
85,0.7,1,44.66,Technology,US,Consumer,Standard Class,Central,12,4,-26.56850952198525,-22.58,peak_season
1066,0.0,1,103.18,Office Supplies,APAC,Corporate,First Class,North,12,4,15.10669822209898,161.04,peak_season
633,0.15,4,0.0,Office Supplies,LATAM,Consumer,Same Day,Southeast Asia,12,4,7.956918454830691,50.37,peak_season
169,0.4,9,32.97,Technology,US,Corporate,Standard Class,Central Asia,11,4,-10.89400533125122,-18.41,peak_season
62,0.202,3,17.2,Office Supplies,EU,Consumer,Second Class,North Asia,11,4,4.3207815042177735,2.68,peak_season
728,0.0,5,64.84,Office Supplies,APAC,Home Office,Standard Class,East,12,4,11.834676973558652,86.16,peak_season
224,0.4,4,38.59,Office Supplies,US,Home Office,Standard Class,North Asia,10,4,-6.531651657497992,-14.63,peak_season
663,0.0,3,0.0,Office Supplies,US,Consumer,Standard Class,Central,12,4,12.11204696424307,80.3,peak_season
68,0.0,6,8.1,Furniture,EU,Consumer,Standard Class,South,11,4,14.078307095546581,9.57,peak_season
152,0.2,3,0.0,Office Supplies,APAC,Consumer,First Class,South,11,4,6.317499198884138,9.6,peak_season
247,0.7,4,88.03,Technology,US,Corporate,Second Class,EMEA,11,4,-21.415690423101587,-52.9,peak_season
255,0.8,4,27.6,Office Supplies,EU,Consumer,Standard Class,EMEA,12,4,-32.24605005528569,-82.23,peak_season
171,0.4,2,135.31,Office Supplies,US,Consumer,First Class,Africa,10,4,-9.6939028287891,-16.58,peak_season
405,0.0,6,22.9,Furniture,US,Consumer,Same Day,Central,12,4,10.270741270995469,41.6,peak_season
104,0.0,3,0.0,Technology,US,Consumer,Standard Class,Oceania,10,4,22.41310407245131,23.31,peak_season
219,0.1,2,0.0,Office Supplies,EU,Consumer,Same Day,Central,10,4,6.90151433949707,15.11,peak_season
271,0.0,5,0.0,Office Supplies,APAC,Home Office,Standard Class,South,11,4,11.888801779290011,32.22,peak_season
372,0.0,1,0.0,Office Supplies,US,Consumer,First Class,North,12,4,16.99610680509849,63.23,peak_season
435,0.0,4,41.68,Office Supplies,US,Consumer,Standard Class,Southeast Asia,11,4,12.611589590440513,54.86,peak_season
100,0.0,3,55.52,Technology,US,Corporate,Standard Class,West,11,4,15.149809507601619,15.15,peak_season
72,0.0,6,0.0,Office Supplies,APAC,Home Office,Standard Class,Oceania,10,4,10.669187213490705,7.68,peak_season
685,0.0,5,77.66,Office Supplies,APAC,Consumer,Second Class,Central,11,4,13.551270481618447,92.83,peak_season
321,0.0,3,0.0,Office Supplies,EMEA,Consumer,Standard Class,Africa,12,4,14.75185492831052,47.35,peak_season
135,0.0,5,34.79,Furniture,US,Consumer,Standard Class,Central,12,4,12.729275182982096,17.18,peak_season
852,0.25,7,118.75,Furniture,Africa,Home Office,Standard Class,EMEA,11,4,-0.1460812671015499,-1.24,peak_season
270,0.0,5,77.76,Office Supplies,US,Consumer,First Class,EMEA,12,4,16.58069377099738,44.77,peak_season
633,0.0,4,10.99,Technology,EU,Home Office,Standard Class,Central,12,4,17.42738334134046,110.32,peak_season
260,0.1,1,0.0,Office Supplies,US,Corporate,Standard Class,South,10,4,8.40541297086084,21.85,peak_season
1281,0.0,1,0.0,Office Supplies,EMEA,Corporate,Standard Class,Central Asia,12,4,16.53047240674555,211.76,peak_season
1003,0.002,3,0.0,Technology,EU,Consumer,Standard Class,Central Asia,12,4,21.69771048878571,217.63,peak_season
201,0.4,2,14.28,Furniture,US,Consumer,First Class,EMEA,10,4,-11.621057401550399,-23.36,peak_season
536,0.0,3,0.0,Furniture,APAC,Consumer,First Class,Central,10,4,10.592607437368773,56.78,peak_season
413,0.0,4,18.86,Office Supplies,EU,Consumer,Standard Class,Central,12,4,12.021401996743364,49.65,peak_season
736,0.5,5,30.78,Office Supplies,US,Corporate,Standard Class,EMEA,12,4,-19.335615793236677,-142.31,peak_season
113,0.15,3,13.49,Technology,LATAM,Home Office,Second Class,Central Asia,10,4,10.998809016130568,12.43,peak_season
426,0.0,5,0.0,Office Supplies,APAC,Corporate,Standard Class,Central,11,4,16.73393557091867,71.29,peak_season
574,0.2,4,36.04,Office Supplies,LATAM,Corporate,First Class,Southeast Asia,11,4,4.732090575319985,27.16,peak_season
60,0.0,1,51.7,Office Supplies,LATAM,Consumer,Second Class,Central,12,4,14.614021660943832,8.77,peak_season
95,0.07,1,0.0,Technology,LATAM,Consumer,Second Class,Caribbean,12,4,18.020804237675254,17.12,peak_season
48,0.0,3,107.22,Office Supplies,EU,Consumer,Standard Class,EMEA,12,4,13.547644516245548,6.5,peak_season
198,0.15,1,20.73,Office Supplies,Africa,Corporate,Standard Class,Southeast Asia,11,4,8.865807711621617,17.55,peak_season
437,0.2,5,27.46,Furniture,EU,Home Office,Same Day,South,12,4,-0.11622868496862906,-0.51,peak_season
819,0.2,7,66.95,Office Supplies,APAC,Corporate,Standard Class,Oceania,12,4,1.1749477059619873,9.62,peak_season
261,0.0,6,39.74,Office Supplies,APAC,Consumer,Second Class,Central,11,4,16.777590921953283,43.79,peak_season
907,0.0,3,80.99,Office Supplies,US,Consumer,Standard Class,Central,10,4,16.22890835605198,147.2,peak_season
81,0.0,7,42.83,Office Supplies,LATAM,Corporate,Second Class,Central Asia,12,4,16.07091827780078,13.02,peak_season
63,0.0,4,0.0,Office Supplies,EMEA,Consumer,Standard Class,North Asia,12,4,15.243835266168595,9.6,peak_season
235,0.0,3,47.09,Office Supplies,US,Home Office,Standard Class,North Asia,11,4,14.886320754849507,34.98,peak_season
335,0.4,2,0.0,Furniture,US,Corporate,Standard Class,Africa,12,4,-4.834884021388684,-16.2,peak_season
240,0.0,3,32.6,Office Supplies,LATAM,Corporate,Second Class,Southeast Asia,11,4,18.55276993558852,44.53,peak_season
47,0.0,3,24.47,Furniture,US,Consumer,Second Class,Central,12,4,14.168480684956537,6.66,peak_season
229,0.3,4,14.45,Office Supplies,LATAM,Consumer,Standard Class,South,12,4,-2.664602525389835,-6.1,peak_season
86,0.5,4,19.01,Office Supplies,Africa,Consumer,Standard Class,South,12,4,-11.978528398209992,-10.3,peak_season
421,0.47,3,0.0,Office Supplies,US,Consumer,Second Class,Oceania,12,4,-11.646015670825644,-49.03,peak_season
330,0.402,4,0.0,Office Supplies,LATAM,Consumer,Standard Class,EMEA,12,4,-9.041385741677894,-29.84,peak_season
116,0.0,6,31.7,Technology,LATAM,Corporate,Standard Class,Central,11,4,17.089307024202256,19.82,peak_season
163,0.0,6,35.54,Office Supplies,APAC,Corporate,Standard Class,Africa,12,4,14.757247987011935,24.05,peak_season
105,0.4,1,0.0,Office Supplies,US,Consumer,Standard Class,Southeast Asia,10,4,-18.511277207634166,-19.44,peak_season
234,0.1,1,98.9,Furniture,LATAM,Consumer,Standard Class,EMEA,11,4,6.631802517892925,15.52,peak_season
529,0.0,6,0.0,Furniture,EU,Consumer,Standard Class,Central,11,4,10.534571759668921,55.73,peak_season
112,0.6,1,81.92,Furniture,LATAM,Consumer,Standard Class,Central,11,4,-19.221990005151348,-21.53,peak_season
368,0.0,3,50.85,Office Supplies,US,Home Office,Standard Class,South,12,4,15.058032212435263,55.41,peak_season
161,0.0,1,0.0,Technology,EMEA,Consumer,Standard Class,South,11,4,14.433109741395114,23.24,peak_season
130,0.0,1,128.1,Office Supplies,US,Consumer,Standard Class,Oceania,12,4,14.850359537615647,19.31,peak_season
226,0.2,5,0.0,Office Supplies,US,Consumer,Standard Class,Africa,12,4,-0.1383632551875129,-0.31,peak_season
107,0.2,5,79.04,Office Supplies,APAC,Home Office,First Class,West,11,4,4.420222247137399,4.73,peak_season
158,0.0,2,83.71,Office Supplies,APAC,Corporate,Standard Class,EMEA,12,4,15.872842093018456,25.08,peak_season
94,0.7,1,0.0,Office Supplies,US,Consumer,Standard Class,East,11,4,-24.126481106675197,-22.68,peak_season
1186,0.0,2,106.16,Office Supplies,LATAM,Consumer,Standard Class,Central,11,4,12.627354624916304,149.76,peak_season
253,0.0,4,12.05,Furniture,EU,Corporate,Standard Class,North,12,4,12.10202428868444,30.62,peak_season
140,0.5,1,42.92,Office Supplies,APAC,Home Office,Standard Class,Southeast Asia,11,4,-19.095065386279906,-26.73,peak_season
292,0.002,4,41.29,Office Supplies,LATAM,Consumer,Standard Class,Central,10,4,16.984484345774145,49.59,peak_season
225,0.7,3,18.68,Office Supplies,APAC,Home Office,First Class,Central,12,4,-25.443386458679633,-57.25,peak_season
206,0.6,5,72.83,Furniture,EMEA,Home Office,Standard Class,North Asia,12,4,-22.51258493691729,-46.38,peak_season
402,0.2,4,71.84,Office Supplies,LATAM,Home Office,Same Day,South,11,4,3.0048570940708235,12.08,peak_season
451,0.0,1,0.0,Office Supplies,EU,Corporate,Standard Class,Oceania,12,4,16.244318672366372,73.26,peak_season
161,0.0,6,101.11,Furniture,APAC,Corporate,Standard Class,Central,12,4,16.813017324925788,27.07,peak_season
155,0.0,3,0.0,Furniture,US,Consumer,Standard Class,Oceania,12,4,11.144717228873958,17.27,peak_season
197,0.0,3,85.54,Office Supplies,LATAM,Corporate,Standard Class,South,10,4,15.415935551130254,30.37,peak_season
39,0.0,1,90.93,Technology,EMEA,Corporate,Standard Class,Central,12,4,14.74162110245577,5.75,peak_season
73,0.1,2,0.0,Technology,EMEA,Corporate,Second Class,Africa,12,4,9.395217115205003,6.86,peak_season
735,0.0,1,2.84,Technology,LATAM,Consumer,Standard Class,South,12,4,18.293439879279923,134.46,peak_season
919,0.0,3,0.0,Office Supplies,EMEA,Corporate,First Class,EMEA,12,4,18.311800640105723,168.29,peak_season
201,0.0,7,14.06,Furniture,Canada,Home Office,First Class,Central,11,4,11.231157527245283,22.57,peak_season
390,0.1,1,8.73,Office Supplies,EMEA,Consumer,Standard Class,Central,10,4,8.292250412063629,32.34,peak_season
316,0.0,1,71.05,Office Supplies,EMEA,Home Office,Standard Class,South,11,4,13.779344266486875,43.54,peak_season
2894,0.7,7,101.45,Office Supplies,LATAM,Corporate,Standard Class,Central,11,4,-28.604270012532968,-827.81,peak_season
603,0.0,3,106.34,Office Supplies,EU,Home Office,Standard Class,North Asia,12,4,15.884914367126465,95.79,peak_season
222,0.0,2,0.0,Office Supplies,APAC,Consumer,Standard Class,Central,11,4,10.508227064464066,23.33,peak_season
114,0.2,6,14.39,Technology,APAC,Consumer,Standard Class,North,12,4,9.842818730000182,11.22,peak_season
68,0.6,2,0.0,Office Supplies,Canada,Home Office,Standard Class,Central,12,4,-22.99626689438838,-15.64,peak_season
290,0.0,8,0.0,Office Supplies,LATAM,Consumer,Standard Class,South,11,4,17.165710456314425,49.78,peak_season
134,0.1,5,81.66,Office Supplies,US,Home Office,Same Day,Central Asia,11,4,5.190004207818372,6.95,peak_season
79,0.2,2,118.94,Office Supplies,EMEA,Consumer,Second Class,Central,12,4,5.006520391638654,3.96,peak_season
146,0.0,8,0.0,Furniture,EMEA,Consumer,Same Day,Caribbean,12,4,14.015833823443494,20.46,peak_season
103,0.5,2,0.0,Office Supplies,Canada,Consumer,Standard Class,Central,11,4,-13.84739378398231,-14.26,peak_season
950,0.4,5,24.86,Office Supplies,LATAM,Corporate,Standard Class,West,11,4,-11.983285565399378,-113.84,peak_season
499,0.2,4,42.43,Office Supplies,APAC,Consumer,Standard Class,Africa,12,4,3.748644568794231,18.71,peak_season
244,0.7,6,0.0,Office Supplies,LATAM,Consumer,Standard Class,North Asia,12,4,-30.549168554203167,-74.54,peak_season
805,0.7,7,50.67,Office Supplies,APAC,Consumer,Standard Class,Africa,11,4,-27.758289765288556,-223.45,peak_season
262,0.1,4,0.0,Technology,APAC,Consumer,Second Class,North,12,4,15.08823930286598,39.53,peak_season
123,0.6,2,25.55,Furniture,LATAM,Home Office,Second Class,Central,10,4,-21.609894218787773,-26.58,peak_season
833,0.1,5,57.68,Office Supplies,US,Home Office,Standard Class,Central,10,4,9.0455488276213,75.35,peak_season
379,0.1,2,26.74,Technology,EU,Consumer,Standard Class,North Asia,11,4,9.075580272231473,34.4,peak_season
107,0.2,8,1.37,Technology,LATAM,Corporate,Standard Class,South,11,4,7.936763136522581,8.49,peak_season
211,0.4,4,20.1,Furniture,US,Consumer,Standard Class,EMEA,11,4,-11.941856286905924,-25.2,peak_season
122,0.0,3,21.31,Office Supplies,LATAM,Corporate,Standard Class,Southeast Asia,11,4,8.03905320530873,9.81,peak_season
81,0.5,4,5.18,Office Supplies,APAC,Corporate,Standard Class,South,11,4,-12.652110521050446,-10.25,peak_season
